Series_Title,Released_Year,Runtime,Genre,IMDB_Rating,Meta_score,Director,Star1,Star2,Star3,No_of_Votes,Gross
The Shawshank Redemption,1994,142 min,Drama,9.3,80.0,Frank Darabont,Tim Robbins,Morgan Freeman,Bob Gunton,2343110,"28,341,469"
The Godfather,1972,175 min,"Crime, Drama",9.2,100.0,Francis Ford Coppola,Marlon Brando,Al Pacino,James Caan,1620367,"134,966,411"
The Dark Knight,2008,152 min,"Action, Crime, Drama",9.0,84.0,Christopher Nolan,Christian Bale,Heath Ledger,Aaron Eckhart,2303232,"534,858,444"
The Godfather: Part II,1974,202 min,"Crime, Drama",9.0,90.0,Francis Ford Coppola,Al Pacino,Robert De Niro,Robert Duvall,1129952,"57,300,000"
12 Angry Men,1957,96 min,"Crime, Drama",9.0,96.0,Sidney Lumet,Henry Fonda,Lee J. Cobb,Martin Balsam,689845,"4,360,000"
The Lord of the Rings: The Return of the King,2003,201 min,"Action, Adventure, Drama",8.9,94.0,Peter Jackson,Elijah Wood,Viggo Mortensen,Ian McKellen,1642758,"377,845,905"
Pulp Fiction,1994,154 min,"Crime, Drama",8.9,94.0,Quentin Tarantino,John Travolta,Uma Thurman,Samuel L. Jackson,1826188,"107,928,762"
Schindler's List,1993,195 min,"Biography, Drama, History",8.9,94.0,Steven Spielberg,Liam Neeson,Ralph Fiennes,Ben Kingsley,1213505,"96,898,818"
Inception,2010,148 min,"Action, Adventure, Sci-Fi",8.8,74.0,Christopher Nolan,Leonardo DiCaprio,Joseph Gordon-Levitt,Elliot Page,2067042,"292,576,195"
Fight Club,1999,139 min,Drama,8.8,66.0,David Fincher,Brad Pitt,Edward Norton,Meat Loaf,1854740,"37,030,102"
The Lord of the Rings: The Fellowship of the Ring,2001,178 min,"Action, Adventure, Drama",8.8,92.0,Peter Jackson,Elijah Wood,Ian McKellen,Orlando Bloom,1661481,"315,544,750"
Forrest Gump,1994,142 min,"Drama, Romance",8.8,82.0,Robert Zemeckis,Tom Hanks,Robin Wright,Gary Sinise,1809221,"330,252,182"
"Il buono, il brutto, il cattivo",1966,161 min,Western,8.8,90.0,Sergio Leone,Clint Eastwood,Eli Wallach,Lee Van Cleef,688390,"6,100,000"
The Lord of the Rings: The Two Towers,2002,179 min,"Action, Adventure, Drama",8.7,87.0,Peter Jackson,Elijah Wood,Ian McKellen,Viggo Mortensen,1485555,"342,551,365"
The Matrix,1999,136 min,"Action, Sci-Fi",8.7,73.0,Lana Wachowski,Lilly Wachowski,Keanu Reeves,Laurence Fishburne,1676426,"171,479,930"
Goodfellas,1990,146 min,"Biography, Crime, Drama",8.7,90.0,Martin Scorsese,Robert De Niro,Ray Liotta,Joe Pesci,1020727,"46,836,394"
Star Wars: Episode V - The Empire Strikes Back,1980,124 min,"Action, Adventure, Fantasy",8.7,82.0,Irvin Kershner,Mark Hamill,Harrison Ford,Carrie Fisher,1159315,"290,475,067"
One Flew Over the Cuckoo's Nest,1975,133 min,Drama,8.7,83.0,Milos Forman,Jack Nicholson,Louise Fletcher,Michael Berryman,918088,"112,000,000"
Gisaengchung,2019,132 min,"Comedy, Drama, Thriller",8.6,96.0,Bong Joon Ho,Kang-ho Song,Lee Sun-kyun,Cho Yeo-jeong,552778,"53,367,844"
Interstellar,2014,169 min,"Adventure, Drama, Sci-Fi",8.6,74.0,Christopher Nolan,Matthew McConaughey,Anne Hathaway,Jessica Chastain,1512360,"188,020,017"
Cidade de Deus,2002,130 min,"Crime, Drama",8.6,79.0,Fernando Meirelles,Kátia Lund,Alexandre Rodrigues,Leandro Firmino,699256,"7,563,397"
Sen to Chihiro no kamikakushi,2001,125 min,"Animation, Adventure, Family",8.6,96.0,Hayao Miyazaki,Daveigh Chase,Suzanne Pleshette,Miyu Irino,651376,"10,055,859"
Saving Private Ryan,1998,169 min,"Drama, War",8.6,91.0,Steven Spielberg,Tom Hanks,Matt Damon,Tom Sizemore,1235804,"216,540,909"
The Green Mile,1999,189 min,"Crime, Drama, Fantasy",8.6,61.0,Frank Darabont,Tom Hanks,Michael Clarke Duncan,David Morse,1147794,"136,801,374"
La vita è bella,1997,116 min,"Comedy, Drama, Romance",8.6,59.0,Roberto Benigni,Roberto Benigni,Nicoletta Braschi,Giorgio Cantarini,623629,"57,598,247"
Se7en,1995,127 min,"Crime, Drama, Mystery",8.6,65.0,David Fincher,Morgan Freeman,Brad Pitt,Kevin Spacey,1445096,"100,125,643"
The Silence of the Lambs,1991,118 min,"Crime, Drama, Thriller",8.6,85.0,Jonathan Demme,Jodie Foster,Anthony Hopkins,Lawrence A. Bonney,1270197,"130,742,922"
Star Wars,1977,121 min,"Action, Adventure, Fantasy",8.6,90.0,George Lucas,Mark Hamill,Harrison Ford,Carrie Fisher,1231473,"322,740,140"
Shichinin no samurai,1954,207 min,"Action, Adventure, Drama",8.6,98.0,Akira Kurosawa,Toshirô Mifune,Takashi Shimura,Keiko Tsushima,315744,"269,061"
Joker,2019,122 min,"Crime, Drama, Thriller",8.5,59.0,Todd Phillips,Joaquin Phoenix,Robert De Niro,Zazie Beetz,939252,"335,451,311"
Whiplash,2014,106 min,"Drama, Music",8.5,88.0,Damien Chazelle,Miles Teller,J.K. Simmons,Melissa Benoist,717585,"13,092,000"
The Intouchables,2011,112 min,"Biography, Comedy, Drama",8.5,57.0,Olivier Nakache,Éric Toledano,François Cluzet,Omar Sy,760360,"13,182,281"
The Prestige,2006,130 min,"Drama, Mystery, Sci-Fi",8.5,66.0,Christopher Nolan,Christian Bale,Hugh Jackman,Scarlett Johansson,1190259,"53,089,891"
The Departed,2006,151 min,"Crime, Drama, Thriller",8.5,85.0,Martin Scorsese,Leonardo DiCaprio,Matt Damon,Jack Nicholson,1189773,"132,384,315"
The Pianist,2002,150 min,"Biography, Drama, Music",8.5,85.0,Roman Polanski,Adrien Brody,Thomas Kretschmann,Frank Finlay,729603,"32,572,577"
Gladiator,2000,155 min,"Action, Adventure, Drama",8.5,67.0,Ridley Scott,Russell Crowe,Joaquin Phoenix,Connie Nielsen,1341460,"187,705,427"
American History X,1998,119 min,Drama,8.5,62.0,Tony Kaye,Edward Norton,Edward Furlong,Beverly D'Angelo,1034705,"6,719,864"
The Usual Suspects,1995,106 min,"Crime, Mystery, Thriller",8.5,77.0,Bryan Singer,Kevin Spacey,Gabriel Byrne,Chazz Palminteri,991208,"23,341,568"
Léon,1994,110 min,"Action, Crime, Drama",8.5,64.0,Luc Besson,Jean Reno,Gary Oldman,Natalie Portman,1035236,"19,501,238"
The Lion King,1994,88 min,"Animation, Adventure, Drama",8.5,88.0,Roger Allers,Rob Minkoff,Matthew Broderick,Jeremy Irons,942045,"422,783,777"
Terminator 2: Judgment Day,1991,137 min,"Action, Sci-Fi",8.5,75.0,James Cameron,Arnold Schwarzenegger,Linda Hamilton,Edward Furlong,995506,"204,843,350"
Nuovo Cinema Paradiso,1988,155 min,"Drama, Romance",8.5,80.0,Giuseppe Tornatore,Philippe Noiret,Enzo Cannavale,Antonella Attili,230763,"11,990,401"
Back to the Future,1985,116 min,"Adventure, Comedy, Sci-Fi",8.5,87.0,Robert Zemeckis,Michael J. Fox,Christopher Lloyd,Lea Thompson,1058081,"210,609,762"
Once Upon a Time in the West,1968,165 min,Western,8.5,80.0,Sergio Leone,Henry Fonda,Charles Bronson,Claudia Cardinale,302844,"5,321,508"
Psycho,1960,109 min,"Horror, Mystery, Thriller",8.5,97.0,Alfred Hitchcock,Anthony Perkins,Janet Leigh,Vera Miles,604211,"32,000,000"
Casablanca,1942,102 min,"Drama, Romance, War",8.5,100.0,Michael Curtiz,Humphrey Bogart,Ingrid Bergman,Paul Henreid,522093,"1,024,560"
Modern Times,1936,87 min,"Comedy, Drama, Family",8.5,96.0,Charles Chaplin,Charles Chaplin,Paulette Goddard,Henry Bergman,217881,"163,245"
City Lights,1931,87 min,"Comedy, Drama, Romance",8.5,99.0,Charles Chaplin,Charles Chaplin,Virginia Cherrill,Florence Lee,167839,"19,181"
Capharnaüm,2018,126 min,Drama,8.4,75.0,Nadine Labaki,Zain Al Rafeea,Yordanos Shiferaw,Boluwatife Treasure Bankole,62635,"1,661,096"
Kimi no na wa.,2016,106 min,"Animation, Drama, Fantasy",8.4,79.0,Makoto Shinkai,Ryûnosuke Kamiki,Mone Kamishiraishi,Ryô Narita,194838,"5,017,246"
Spider-Man: Into the Spider-Verse,2018,117 min,"Animation, Action, Adventure",8.4,87.0,Bob Persichetti,Peter Ramsey,Rodney Rothman,Shameik Moore,375110,"190,241,310"
Avengers: Endgame,2019,181 min,"Action, Adventure, Drama",8.4,78.0,Anthony Russo,Joe Russo,Robert Downey Jr.,Chris Evans,809955,"858,373,000"
Avengers: Infinity War,2018,149 min,"Action, Adventure, Sci-Fi",8.4,68.0,Anthony Russo,Joe Russo,Robert Downey Jr.,Chris Hemsworth,834477,"678,815,482"
Coco,2017,105 min,"Animation, Adventure, Family",8.4,81.0,Lee Unkrich,Adrian Molina,Anthony Gonzalez,Gael García Bernal,384171,"209,726,015"
Django Unchained,2012,165 min,"Drama, Western",8.4,81.0,Quentin Tarantino,Jamie Foxx,Christoph Waltz,Leonardo DiCaprio,1357682,"162,805,434"
The Dark Knight Rises,2012,164 min,"Action, Adventure",8.4,78.0,Christopher Nolan,Christian Bale,Tom Hardy,Anne Hathaway,1516346,"448,139,099"
3 Idiots,2009,170 min,"Comedy, Drama",8.4,67.0,Rajkumar Hirani,Aamir Khan,Madhavan,Mona Singh,344445,"6,532,908"
WALL·E,2008,98 min,"Animation, Adventure, Family",8.4,95.0,Andrew Stanton,Ben Burtt,Elissa Knight,Jeff Garlin,999790,"223,808,164"
The Lives of Others,2006,137 min,"Drama, Mystery, Thriller",8.4,89.0,Florian Henckel von Donnersmarck,Ulrich Mühe,Martina Gedeck,Sebastian Koch,358685,"11,286,112"
Oldeuboi,2003,101 min,"Action, Drama, Mystery",8.4,77.0,Chan-wook Park,Choi Min-sik,Yoo Ji-Tae,Kang Hye-jeong,515451,"707,481"
Memento,2000,113 min,"Mystery, Thriller",8.4,80.0,Christopher Nolan,Guy Pearce,Carrie-Anne Moss,Joe Pantoliano,1125712,"25,544,867"
Mononoke-hime,1997,134 min,"Animation, Action, Adventure",8.4,76.0,Hayao Miyazaki,Yôji Matsuda,Yuriko Ishida,Yûko Tanaka,343171,"2,375,308"
Raiders of the Lost Ark,1981,115 min,"Action, Adventure",8.4,85.0,Steven Spielberg,Harrison Ford,Karen Allen,Paul Freeman,884112,"248,159,971"
The Shining,1980,146 min,"Drama, Horror",8.4,66.0,Stanley Kubrick,Jack Nicholson,Shelley Duvall,Danny Lloyd,898237,"44,017,374"
Apocalypse Now,1979,147 min,"Drama, Mystery, War",8.4,94.0,Francis Ford Coppola,Martin Sheen,Marlon Brando,Robert Duvall,606398,"83,471,511"
Alien,1979,117 min,"Horror, Sci-Fi",8.4,89.0,Ridley Scott,Sigourney Weaver,Tom Skerritt,John Hurt,787806,"78,900,000"
Dr. Strangelove or: How I Learned to Stop Worrying and Love the Bomb,1964,95 min,Comedy,8.4,97.0,Stanley Kubrick,Peter Sellers,George C. Scott,Sterling Hayden,450474,"275,902"
Rear Window,1954,112 min,"Mystery, Thriller",8.4,100.0,Alfred Hitchcock,James Stewart,Grace Kelly,Wendell Corey,444074,"36,764,313"
1917,2019,119 min,"Drama, Thriller, War",8.3,78.0,Sam Mendes,Dean-Charles Chapman,George MacKay,Daniel Mays,425844,"159,227,644"
Jagten,2012,115 min,Drama,8.3,77.0,Thomas Vinterberg,Mads Mikkelsen,Thomas Bo Larsen,Annika Wedderkopp,281623,"687,185"
Jodaeiye Nader az Simin,2011,123 min,Drama,8.3,95.0,Asghar Farhadi,Payman Maadi,Leila Hatami,Sareh Bayat,220002,"7,098,492"
Incendies,2010,131 min,"Drama, Mystery, War",8.3,80.0,Denis Villeneuve,Lubna Azabal,Mélissa Désormeaux-Poulin,Maxim Gaudette,150023,"6,857,096"
Inglourious Basterds,2009,153 min,"Adventure, Drama, War",8.3,69.0,Quentin Tarantino,Brad Pitt,Diane Kruger,Eli Roth,1267869,"120,540,719"
Eternal Sunshine of the Spotless Mind,2004,108 min,"Drama, Romance, Sci-Fi",8.3,89.0,Michel Gondry,Jim Carrey,Kate Winslet,Tom Wilkinson,911664,"34,400,301"
Amélie,2001,122 min,"Comedy, Romance",8.3,69.0,Jean-Pierre Jeunet,Audrey Tautou,Mathieu Kassovitz,Rufus,703810,"33,225,499"
Snatch,2000,104 min,"Comedy, Crime",8.3,55.0,Guy Ritchie,Jason Statham,Brad Pitt,Benicio Del Toro,782001,"30,328,156"
Requiem for a Dream,2000,102 min,Drama,8.3,68.0,Darren Aronofsky,Ellen Burstyn,Jared Leto,Jennifer Connelly,766870,"3,635,482"
American Beauty,1999,122 min,Drama,8.3,84.0,Sam Mendes,Kevin Spacey,Annette Bening,Thora Birch,1069738,"130,096,601"
Good Will Hunting,1997,126 min,"Drama, Romance",8.3,70.0,Gus Van Sant,Robin Williams,Matt Damon,Ben Affleck,861606,"138,433,435"
Bacheha-Ye aseman,1997,89 min,"Drama, Family, Sport",8.3,77.0,Majid Majidi,Mohammad Amir Naji,Amir Farrokh Hashemian,Bahare Seddiqi,65341,"933,933"
Toy Story,1995,81 min,"Animation, Adventure, Comedy",8.3,95.0,John Lasseter,Tom Hanks,Tim Allen,Don Rickles,887429,"191,796,233"
Braveheart,1995,178 min,"Biography, Drama, History",8.3,68.0,Mel Gibson,Mel Gibson,Sophie Marceau,Patrick McGoohan,959181,"75,600,000"
Reservoir Dogs,1992,99 min,"Crime, Drama, Thriller",8.3,79.0,Quentin Tarantino,Harvey Keitel,Tim Roth,Michael Madsen,918562,"2,832,029"
Full Metal Jacket,1987,116 min,"Drama, War",8.3,76.0,Stanley Kubrick,Matthew Modine,R. Lee Ermey,Vincent D'Onofrio,675146,"46,357,676"
Aliens,1986,137 min,"Action, Adventure, Sci-Fi",8.3,84.0,James Cameron,Sigourney Weaver,Michael Biehn,Carrie Henn,652719,"85,160,248"
Amadeus,1984,160 min,"Biography, Drama, History",8.3,88.0,Milos Forman,F. Murray Abraham,Tom Hulce,Elizabeth Berridge,369007,"51,973,029"
Scarface,1983,170 min,"Crime, Drama",8.3,65.0,Brian De Palma,Al Pacino,Michelle Pfeiffer,Steven Bauer,740911,"45,598,982"
Star Wars: Episode VI - Return of the Jedi,1983,131 min,"Action, Adventure, Fantasy",8.3,58.0,Richard Marquand,Mark Hamill,Harrison Ford,Carrie Fisher,950470,"309,125,409"
Das Boot,1981,149 min,"Adventure, Drama, Thriller",8.3,86.0,Wolfgang Petersen,Jürgen Prochnow,Herbert Grönemeyer,Klaus Wennemann,231855,"11,487,676"
Taxi Driver,1976,114 min,"Crime, Drama",8.3,94.0,Martin Scorsese,Robert De Niro,Jodie Foster,Cybill Shepherd,724636,"28,262,574"
The Sting,1973,129 min,"Comedy, Crime, Drama",8.3,83.0,George Roy Hill,Paul Newman,Robert Redford,Robert Shaw,241513,"159,600,000"
A Clockwork Orange,1971,136 min,"Crime, Drama, Sci-Fi",8.3,77.0,Stanley Kubrick,Malcolm McDowell,Patrick Magee,Michael Bates,757904,"6,207,725"
2001: A Space Odyssey,1968,149 min,"Adventure, Sci-Fi",8.3,84.0,Stanley Kubrick,Keir Dullea,Gary Lockwood,William Sylvester,603517,"56,954,992"
Per qualche dollaro in più,1965,132 min,Western,8.3,74.0,Sergio Leone,Clint Eastwood,Lee Van Cleef,Gian Maria Volontè,232772,"15,000,000"
Lawrence of Arabia,1962,228 min,"Adventure, Biography, Drama",8.3,100.0,David Lean,Peter O'Toole,Alec Guinness,Anthony Quinn,268085,"44,824,144"
The Apartment,1960,125 min,"Comedy, Drama, Romance",8.3,94.0,Billy Wilder,Jack Lemmon,Shirley MacLaine,Fred MacMurray,164363,"18,600,000"
North by Northwest,1959,136 min,"Adventure, Mystery, Thriller",8.3,98.0,Alfred Hitchcock,Cary Grant,Eva Marie Saint,James Mason,299198,"13,275,000"
Vertigo,1958,128 min,"Mystery, Romance, Thriller",8.3,100.0,Alfred Hitchcock,James Stewart,Kim Novak,Barbara Bel Geddes,364368,"3,200,000"
Singin' in the Rain,1952,103 min,"Comedy, Musical, Romance",8.3,99.0,Stanley Donen,Gene Kelly,Gene Kelly,Donald O'Connor,218957,"8,819,028"
Double Indemnity,1944,107 min,"Crime, Drama, Film-Noir",8.3,95.0,Billy Wilder,Fred MacMurray,Barbara Stanwyck,Edward G. Robinson,143525,"5,720,000"
Citizen Kane,1941,119 min,"Drama, Mystery",8.3,100.0,Orson Welles,Orson Welles,Joseph Cotten,Dorothy Comingore,403351,"1,585,634"
Green Book,2018,130 min,"Biography, Comedy, Drama",8.2,69.0,Peter Farrelly,Viggo Mortensen,Mahershala Ali,Linda Cardellini,377884,"85,080,171"
"Three Billboards Outside Ebbing, Missouri",2017,115 min,"Comedy, Crime, Drama",8.2,88.0,Martin McDonagh,Frances McDormand,Woody Harrelson,Sam Rockwell,432610,"54,513,740"
El secreto de sus ojos,2009,129 min,"Drama, Mystery, Romance",8.2,80.0,Juan José Campanella,Ricardo Darín,Soledad Villamil,Pablo Rago,193217,"6,391,436"
Warrior,2011,140 min,"Action, Drama, Sport",8.2,71.0,Gavin O'Connor,Tom Hardy,Nick Nolte,Joel Edgerton,435950,"13,657,115"
Shutter Island,2010,138 min,"Mystery, Thriller",8.2,63.0,Martin Scorsese,Leonardo DiCaprio,Emily Mortimer,Mark Ruffalo,1129894,"128,012,934"
Up,2009,96 min,"Animation, Adventure, Comedy",8.2,88.0,Pete Docter,Bob Peterson,Edward Asner,Jordan Nagai,935507,"293,004,164"
The Wolf of Wall Street,2013,180 min,"Biography, Crime, Drama",8.2,75.0,Martin Scorsese,Leonardo DiCaprio,Jonah Hill,Margot Robbie,1187498,"116,900,694"
Chak De! India,2007,153 min,"Drama, Family, Sport",8.2,68.0,Shimit Amin,Shah Rukh Khan,Vidya Malvade,Sagarika Ghatge,74129,"1,113,541"
There Will Be Blood,2007,158 min,Drama,8.2,93.0,Paul Thomas Anderson,Daniel Day-Lewis,Paul Dano,Ciarán Hinds,517359,"40,222,514"
Pan's Labyrinth,2006,118 min,"Drama, Fantasy, War",8.2,98.0,Guillermo del Toro,Ivana Baquero,Ariadna Gil,Sergi López,618623,"37,634,615"
Toy Story 3,2010,103 min,"Animation, Adventure, Comedy",8.2,92.0,Lee Unkrich,Tom Hanks,Tim Allen,Joan Cusack,757032,"415,004,880"
V for Vendetta,2005,132 min,"Action, Drama, Sci-Fi",8.2,62.0,James McTeigue,Hugo Weaving,Natalie Portman,Rupert Graves,1032749,"70,511,035"
Batman Begins,2005,140 min,"Action, Adventure",8.2,70.0,Christopher Nolan,Christian Bale,Michael Caine,Ken Watanabe,1308302,"206,852,432"
Der Untergang,2004,156 min,"Biography, Drama, History",8.2,82.0,Oliver Hirschbiegel,Bruno Ganz,Alexandra Maria Lara,Ulrich Matthes,331308,"5,509,040"
Hauru no ugoku shiro,2004,119 min,"Animation, Adventure, Family",8.2,80.0,Hayao Miyazaki,Chieko Baishô,Takuya Kimura,Tatsuya Gashûin,333915,"4,711,096"
A Beautiful Mind,2001,135 min,"Biography, Drama",8.2,72.0,Ron Howard,Russell Crowe,Ed Harris,Jennifer Connelly,848920,"170,742,341"
"Lock, Stock and Two Smoking Barrels",1998,107 min,"Action, Comedy, Crime",8.2,66.0,Guy Ritchie,Jason Flemyng,Dexter Fletcher,Nick Moran,535216,"3,897,569"
L.A. Confidential,1997,138 min,"Crime, Drama, Mystery",8.2,90.0,Curtis Hanson,Kevin Spacey,Russell Crowe,Guy Pearce,531967,"64,616,940"
Heat,1995,170 min,"Crime, Drama, Thriller",8.2,76.0,Michael Mann,Al Pacino,Robert De Niro,Val Kilmer,577113,"67,436,818"
Casino,1995,178 min,"Crime, Drama",8.2,73.0,Martin Scorsese,Robert De Niro,Sharon Stone,Joe Pesci,466276,"42,438,300"
Unforgiven,1992,130 min,"Drama, Western",8.2,85.0,Clint Eastwood,Clint Eastwood,Gene Hackman,Morgan Freeman,375935,"101,157,447"
Indiana Jones and the Last Crusade,1989,127 min,"Action, Adventure",8.2,65.0,Steven Spielberg,Harrison Ford,Sean Connery,Alison Doody,692366,"197,171,806"
Tonari no Totoro,1988,86 min,"Animation, Family, Fantasy",8.2,86.0,Hayao Miyazaki,Hitoshi Takagi,Noriko Hidaka,Chika Sakamoto,291180,"1,105,564"
Die Hard,1988,132 min,"Action, Thriller",8.2,72.0,John McTiernan,Bruce Willis,Alan Rickman,Bonnie Bedelia,793164,"83,008,852"
Ran,1985,162 min,"Action, Drama, War",8.2,96.0,Akira Kurosawa,Tatsuya Nakadai,Akira Terao,Jinpachi Nezu,112505,"4,135,750"
Raging Bull,1980,129 min,"Biography, Drama, Sport",8.2,89.0,Martin Scorsese,Robert De Niro,Cathy Moriarty,Joe Pesci,321860,"23,383,987"
Monty Python and the Holy Grail,1975,91 min,"Adventure, Comedy, Fantasy",8.2,91.0,Terry Gilliam,Terry Jones,Graham Chapman,John Cleese,500875,"1,229,197"
The Great Escape,1963,172 min,"Adventure, Drama, History",8.2,86.0,John Sturges,Steve McQueen,James Garner,Richard Attenborough,224730,"12,100,000"
Some Like It Hot,1959,121 min,"Comedy, Music, Romance",8.2,98.0,Billy Wilder,Marilyn Monroe,Tony Curtis,Jack Lemmon,243943,"25,000,000"
Dial M for Murder,1954,105 min,"Crime, Thriller",8.2,75.0,Alfred Hitchcock,Ray Milland,Grace Kelly,Robert Cummings,158335,"12,562"
All About Eve,1950,138 min,Drama,8.2,98.0,Joseph L. Mankiewicz,Bette Davis,Anne Baxter,George Sanders,120539,"10,177"
The Treasure of the Sierra Madre,1948,126 min,"Adventure, Drama, Western",8.2,98.0,John Huston,Humphrey Bogart,Walter Huston,Tim Holt,114304,"5,014,000"
Portrait de la jeune fille en feu,2019,122 min,"Drama, Romance",8.1,95.0,Céline Sciamma,Noémie Merlant,Adèle Haenel,Luàna Bajrami,63134,"3,759,854"
Ah-ga-ssi,2016,145 min,"Drama, Romance, Thriller",8.1,84.0,Chan-wook Park,Kim Min-hee,Jung-woo Ha,Cho Jin-woong,113649,"2,006,788"
Mommy,2014,139 min,Drama,8.1,74.0,Xavier Dolan,Anne Dorval,Antoine Olivier Pilon,Suzanne Clément,50700,"3,492,754"
Logan,2017,137 min,"Action, Drama, Sci-Fi",8.1,77.0,James Mangold,Hugh Jackman,Patrick Stewart,Dafne Keen,647884,"226,277,068"
Room,2015,118 min,"Drama, Thriller",8.1,86.0,Lenny Abrahamson,Brie Larson,Jacob Tremblay,Sean Bridgers,371538,"14,677,674"
Relatos salvajes,2014,122 min,"Comedy, Drama, Thriller",8.1,77.0,Damián Szifron,Darío Grandinetti,María Marull,Mónica Villa,177059,"3,107,072"
The Grand Budapest Hotel,2014,99 min,"Adventure, Comedy, Crime",8.1,88.0,Wes Anderson,Ralph Fiennes,F. Murray Abraham,Mathieu Amalric,707630,"59,100,318"
Gone Girl,2014,149 min,"Drama, Mystery, Thriller",8.1,79.0,David Fincher,Ben Affleck,Rosamund Pike,Neil Patrick Harris,859695,"167,767,189"
Hacksaw Ridge,2016,139 min,"Biography, Drama, History",8.1,71.0,Mel Gibson,Andrew Garfield,Sam Worthington,Luke Bracey,435928,"67,209,615"
Inside Out,2015,95 min,"Animation, Adventure, Comedy",8.1,94.0,Pete Docter,Ronnie Del Carmen,Amy Poehler,Bill Hader,616228,"356,461,711"
12 Years a Slave,2013,134 min,"Biography, Drama, History",8.1,96.0,Steve McQueen,Chiwetel Ejiofor,Michael Kenneth Williams,Michael Fassbender,640533,"56,671,993"
Rush,2013,123 min,"Action, Biography, Drama",8.1,74.0,Ron Howard,Daniel Brühl,Chris Hemsworth,Olivia Wilde,432811,"26,947,624"
Ford v Ferrari,2019,152 min,"Action, Biography, Drama",8.1,81.0,James Mangold,Matt Damon,Christian Bale,Jon Bernthal,291289,"117,624,028"
Spotlight,2015,129 min,"Biography, Crime, Drama",8.1,93.0,Tom McCarthy,Mark Ruffalo,Michael Keaton,Rachel McAdams,420316,"45,055,776"
Song of the Sea,2014,93 min,"Animation, Adventure, Drama",8.1,85.0,Tomm Moore,David Rawle,Brendan Gleeson,Lisa Hannigan,51679,"857,524"
Prisoners,2013,153 min,"Crime, Drama, Mystery",8.1,70.0,Denis Villeneuve,Hugh Jackman,Jake Gyllenhaal,Viola Davis,601149,"61,002,302"
Mad Max: Fury Road,2015,120 min,"Action, Adventure, Sci-Fi",8.1,90.0,George Miller,Tom Hardy,Charlize Theron,Nicholas Hoult,882316,"154,058,340"
Gran Torino,2008,116 min,Drama,8.1,72.0,Clint Eastwood,Clint Eastwood,Bee Vang,Christopher Carley,720450,"148,095,302"
Harry Potter and the Deathly Hallows: Part 2,2011,130 min,"Adventure, Drama, Fantasy",8.1,85.0,David Yates,Daniel Radcliffe,Emma Watson,Rupert Grint,764493,"381,011,219"
Okuribito,2008,130 min,"Drama, Music",8.1,68.0,Yôjirô Takita,Masahiro Motoki,Ryôko Hirosue,Tsutomu Yamazaki,48582,"1,498,210"
How to Train Your Dragon,2010,98 min,"Animation, Action, Adventure",8.1,75.0,Dean DeBlois,Chris Sanders,Jay Baruchel,Gerard Butler,666773,"217,581,231"
Into the Wild,2007,148 min,"Adventure, Biography, Drama",8.1,73.0,Sean Penn,Emile Hirsch,Vince Vaughn,Catherine Keener,572921,"18,354,356"
No Country for Old Men,2007,122 min,"Crime, Drama, Thriller",8.1,91.0,Ethan Coen,Joel Coen,Tommy Lee Jones,Javier Bardem,856916,"74,283,625"
Million Dollar Baby,2004,132 min,"Drama, Sport",8.1,86.0,Clint Eastwood,Hilary Swank,Clint Eastwood,Morgan Freeman,635975,"100,492,203"
Hotel Rwanda,2004,121 min,"Biography, Drama, History",8.1,79.0,Terry George,Don Cheadle,Sophie Okonedo,Joaquin Phoenix,334320,"23,530,892"
Taegukgi hwinalrimyeo,2004,140 min,"Action, Drama, War",8.1,64.0,Je-kyu Kang,Jang Dong-Gun,Won Bin,Eun-ju Lee,37820,"1,111,061"
Before Sunset,2004,80 min,"Drama, Romance",8.1,90.0,Richard Linklater,Ethan Hawke,Julie Delpy,Vernon Dobtcheff,236311,"5,820,649"
Salinui chueok,2003,131 min,"Crime, Drama, Mystery",8.1,82.0,Bong Joon Ho,Kang-ho Song,Kim Sang-kyung,Roe-ha Kim,139558,"14,131"
Kill Bill: Vol. 1,2003,111 min,"Action, Crime, Drama",8.1,69.0,Quentin Tarantino,Uma Thurman,David Carradine,Daryl Hannah,1000639,"70,099,045"
Finding Nemo,2003,100 min,"Animation, Adventure, Comedy",8.1,90.0,Andrew Stanton,Lee Unkrich,Albert Brooks,Ellen DeGeneres,949565,"380,843,261"
Catch Me If You Can,2002,141 min,"Biography, Crime, Drama",8.1,75.0,Steven Spielberg,Leonardo DiCaprio,Tom Hanks,Christopher Walken,832846,"164,615,351"
Amores perros,2000,154 min,"Drama, Thriller",8.1,83.0,Alejandro G. Iñárritu,Emilio Echevarría,Gael García Bernal,Goya Toledo,223741,"5,383,834"
"Monsters, Inc.",2001,92 min,"Animation, Adventure, Comedy",8.1,79.0,Pete Docter,David Silverman,Lee Unkrich,Billy Crystal,815505,"289,916,256"
Lagaan: Once Upon a Time in India,2001,224 min,"Adventure, Drama, Musical",8.1,84.0,Ashutosh Gowariker,Aamir Khan,Raghuvir Yadav,Gracy Singh,105036,"70,147"
The Sixth Sense,1999,107 min,"Drama, Mystery, Thriller",8.1,64.0,M. Night Shyamalan,Bruce Willis,Haley Joel Osment,Toni Collette,911573,"293,506,292"
La leggenda del pianista sull'oceano,1998,169 min,"Drama, Music, Romance",8.1,58.0,Giuseppe Tornatore,Tim Roth,Pruitt Taylor Vince,Mélanie Thierry,59020,"259,127"
The Truman Show,1998,103 min,"Comedy, Drama",8.1,90.0,Peter Weir,Jim Carrey,Ed Harris,Laura Linney,939631,"125,618,201"
"Crna macka, beli macor",1998,127 min,"Comedy, Crime, Romance",8.1,73.0,Emir Kusturica,Bajram Severdzan,Srdjan 'Zika' Todorovic,Branka Katic,50862,"348,660"
The Big Lebowski,1998,117 min,"Comedy, Crime, Sport",8.1,71.0,Joel Coen,Ethan Coen,Jeff Bridges,John Goodman,732620,"17,498,804"
Fa yeung nin wah,2000,98 min,"Drama, Romance",8.1,85.0,Kar-Wai Wong,Tony Chiu-Wai Leung,Maggie Cheung,Ping Lam Siu,124383,"2,734,044"
Trainspotting,1996,93 min,Drama,8.1,83.0,Danny Boyle,Ewan McGregor,Ewen Bremner,Jonny Lee Miller,634716,"16,501,785"
Fargo,1996,98 min,"Crime, Drama, Thriller",8.1,85.0,Joel Coen,Ethan Coen,William H. Macy,Frances McDormand,617444,"24,611,975"
Before Sunrise,1995,101 min,"Drama, Romance",8.1,77.0,Richard Linklater,Ethan Hawke,Julie Delpy,Andrea Eckert,272291,"5,535,405"
Trois couleurs: Rouge,1994,99 min,"Drama, Mystery, Romance",8.1,100.0,Krzysztof Kieslowski,Irène Jacob,Jean-Louis Trintignant,Frédérique Feder,90729,"4,043,686"
Chung Hing sam lam,1994,102 min,"Comedy, Crime, Drama",8.1,77.0,Kar-Wai Wong,Brigitte Lin,Takeshi Kaneshiro,Tony Chiu-Wai Leung,63122,"600,200"
Jurassic Park,1993,127 min,"Action, Adventure, Sci-Fi",8.1,68.0,Steven Spielberg,Sam Neill,Laura Dern,Jeff Goldblum,867615,"402,453,882"
In the Name of the Father,1993,133 min,"Biography, Crime, Drama",8.1,84.0,Jim Sheridan,Daniel Day-Lewis,Pete Postlethwaite,Alison Crosbie,156842,"25,010,410"
Dead Poets Society,1989,128 min,"Comedy, Drama",8.1,79.0,Peter Weir,Robin Williams,Robert Sean Leonard,Ethan Hawke,425457,"95,860,116"
Stand by Me,1986,89 min,"Adventure, Drama",8.1,75.0,Rob Reiner,Wil Wheaton,River Phoenix,Corey Feldman,363401,"52,287,414"
Platoon,1986,120 min,"Drama, War",8.1,92.0,Oliver Stone,Charlie Sheen,Tom Berenger,Willem Dafoe,381222,"138,530,565"
"Paris, Texas",1984,145 min,Drama,8.1,78.0,Wim Wenders,Harry Dean Stanton,Nastassja Kinski,Dean Stockwell,91188,"2,181,987"
Kaze no tani no Naushika,1984,117 min,"Animation, Adventure, Fantasy",8.1,86.0,Hayao Miyazaki,Sumi Shimamoto,Mahito Tsujimura,Hisako Kyôda,150924,"495,770"
The Thing,1982,109 min,"Horror, Mystery, Sci-Fi",8.1,57.0,John Carpenter,Kurt Russell,Wilford Brimley,Keith David,371271,"13,782,838"
Pink Floyd: The Wall,1982,95 min,"Drama, Fantasy, Music",8.1,47.0,Alan Parker,Bob Geldof,Christine Hargreaves,James Laurenson,76081,"22,244,207"
Fanny och Alexander,1982,188 min,Drama,8.1,100.0,Ingmar Bergman,Bertil Guve,Pernilla Allwin,Kristina Adolphson,57784,"4,971,340"
Blade Runner,1982,117 min,"Action, Sci-Fi, Thriller",8.1,84.0,Ridley Scott,Harrison Ford,Rutger Hauer,Sean Young,693827,"32,868,943"
Life of Brian,1979,94 min,Comedy,8.1,77.0,Terry Jones,Graham Chapman,John Cleese,Michael Palin,367250,"20,045,115"
The Deer Hunter,1978,183 min,"Drama, War",8.1,86.0,Michael Cimino,Robert De Niro,Christopher Walken,John Cazale,311361,"48,979,328"
Rocky,1976,120 min,"Drama, Sport",8.1,70.0,John G. Avildsen,Sylvester Stallone,Talia Shire,Burt Young,518546,"117,235,247"
Chinatown,1974,130 min,"Drama, Mystery, Thriller",8.1,92.0,Roman Polanski,Jack Nicholson,Faye Dunaway,John Huston,294230,"29,000,000"
Paper Moon,1973,102 min,"Comedy, Crime, Drama",8.1,77.0,Peter Bogdanovich,Ryan O'Neal,Tatum O'Neal,Madeline Kahn,42285,"30,933,743"
Cool Hand Luke,1967,127 min,"Crime, Drama",8.1,92.0,Stuart Rosenberg,Paul Newman,George Kennedy,Strother Martin,161984,"16,217,773"
What Ever Happened to Baby Jane?,1962,134 min,"Drama, Horror, Thriller",8.1,75.0,Robert Aldrich,Bette Davis,Joan Crawford,Victor Buono,50058,"4,050,000"
Ben-Hur,1959,212 min,"Adventure, Drama, History",8.1,90.0,William Wyler,Charlton Heston,Jack Hawkins,Stephen Boyd,219466,"74,700,000"
The Bridge on the River Kwai,1957,161 min,"Adventure, Drama, War",8.1,87.0,David Lean,William Holden,Alec Guinness,Jack Hawkins,203463,"44,908,000"
On the Waterfront,1954,108 min,"Crime, Drama, Thriller",8.1,91.0,Elia Kazan,Marlon Brando,Karl Malden,Lee J. Cobb,142107,"9,600,000"
Ace in the Hole,1951,111 min,"Drama, Film-Noir",8.1,72.0,Billy Wilder,Kirk Douglas,Jan Sterling,Robert Arthur,31568,"3,969,893"
The Third Man,1949,104 min,"Film-Noir, Mystery, Thriller",8.1,97.0,Carol Reed,Orson Welles,Joseph Cotten,Alida Valli,158731,"449,191"
Rebecca,1940,130 min,"Drama, Mystery, Romance",8.1,86.0,Alfred Hitchcock,Laurence Olivier,Joan Fontaine,George Sanders,123942,"4,360,000"
Mr. Smith Goes to Washington,1939,129 min,"Comedy, Drama",8.1,73.0,Frank Capra,James Stewart,Jean Arthur,Claude Rains,107017,"9,600,000"
Gone with the Wind,1939,238 min,"Drama, History, Romance",8.1,97.0,Victor Fleming,George Cukor,Sam Wood,Clark Gable,290074,"198,676,459"
It Happened One Night,1934,105 min,"Comedy, Romance",8.1,87.0,Frank Capra,Clark Gable,Claudette Colbert,Walter Connolly,94016,"4,360,000"
La La Land,2016,128 min,"Comedy, Drama, Music",8.0,94.0,Damien Chazelle,Ryan Gosling,Emma Stone,Rosemarie DeWitt,505918,"151,101,803"
Lion,2016,118 min,"Biography, Drama",8.0,69.0,Garth Davis,Dev Patel,Nicole Kidman,Rooney Mara,213970,"51,739,495"
The Martian,2015,144 min,"Adventure, Drama, Sci-Fi",8.0,80.0,Ridley Scott,Matt Damon,Jessica Chastain,Kristen Wiig,760094,"228,433,663"
Zootopia,2016,108 min,"Animation, Adventure, Comedy",8.0,78.0,Byron Howard,Rich Moore,Jared Bush,Ginnifer Goodwin,434143,"341,268,248"
Kaguyahime no monogatari,2013,137 min,"Animation, Adventure, Drama",8.0,89.0,Isao Takahata,Chloë Grace Moretz,James Caan,Mary Steenburgen,38746,"1,506,975"
Wonder,2017,113 min,"Drama, Family",8.0,66.0,Stephen Chbosky,Jacob Tremblay,Owen Wilson,Izabela Vidovic,141923,"132,422,809"
Gully Boy,2019,154 min,"Drama, Music, Romance",8.0,65.0,Zoya Akhtar,Vijay Varma,Nakul Roshan Sahdev,Ranveer Singh,31886,"5,566,534"
Short Term 12,2013,96 min,Drama,8.0,82.0,Destin Daniel Cretton,Brie Larson,Frantz Turner,John Gallagher Jr.,81770,"1,010,414"
Serbuan maut 2: Berandal,2014,150 min,"Action, Crime, Thriller",8.0,71.0,Gareth Evans,Iko Uwais,Yayan Ruhian,Arifin Putra,114316,"2,625,803"
The Imitation Game,2014,114 min,"Biography, Drama, Thriller",8.0,73.0,Morten Tyldum,Benedict Cumberbatch,Keira Knightley,Matthew Goode,685201,"91,125,683"
Guardians of the Galaxy,2014,121 min,"Action, Adventure, Comedy",8.0,76.0,James Gunn,Chris Pratt,Vin Diesel,Bradley Cooper,1043455,"333,176,600"
Blade Runner 2049,2017,164 min,"Action, Drama, Mystery",8.0,81.0,Denis Villeneuve,Harrison Ford,Ryan Gosling,Ana de Armas,461823,"92,054,159"
Her,2013,126 min,"Drama, Romance, Sci-Fi",8.0,90.0,Spike Jonze,Joaquin Phoenix,Amy Adams,Scarlett Johansson,540772,"25,568,251"
Bohemian Rhapsody,2018,134 min,"Biography, Drama, Music",8.0,49.0,Bryan Singer,Rami Malek,Lucy Boynton,Gwilym Lee,450349,"216,428,042"
The Revenant,2015,156 min,"Action, Adventure, Drama",8.0,76.0,Alejandro G. Iñárritu,Leonardo DiCaprio,Tom Hardy,Will Poulter,705589,"183,637,894"
The Perks of Being a Wallflower,2012,103 min,"Drama, Romance",8.0,67.0,Stephen Chbosky,Logan Lerman,Emma Watson,Ezra Miller,462252,"17,738,570"
The King's Speech,2010,118 min,"Biography, Drama, History",8.0,88.0,Tom Hooper,Colin Firth,Geoffrey Rush,Helena Bonham Carter,639603,"138,797,449"
The Help,2011,146 min,Drama,8.0,62.0,Tate Taylor,Emma Stone,Viola Davis,Octavia Spencer,428521,"169,708,112"
Deadpool,2016,108 min,"Action, Adventure, Comedy",8.0,65.0,Tim Miller,Ryan Reynolds,Morena Baccarin,T.J. Miller,902669,"363,070,709"
Darbareye Elly,2009,119 min,"Drama, Mystery",8.0,87.0,Asghar Farhadi,Golshifteh Farahani,Shahab Hosseini,Taraneh Alidoosti,45803,"106,662"
My Name Is Khan,2010,165 min,Drama,8.0,50.0,Karan Johar,Shah Rukh Khan,Kajol,Sheetal Menon,98575,"4,018,695"
Slumdog Millionaire,2008,120 min,"Drama, Romance",8.0,84.0,Danny Boyle,Loveleen Tandan,Dev Patel,Freida Pinto,798882,"141,319,928"
Black Swan,2010,108 min,"Drama, Thriller",8.0,79.0,Darren Aronofsky,Natalie Portman,Mila Kunis,Vincent Cassel,699673,"106,954,678"
Tropa de Elite,2007,115 min,"Action, Crime, Drama",8.0,33.0,José Padilha,Wagner Moura,André Ramiro,Caio Junqueira,98097,"8,060"
The Avengers,2012,143 min,"Action, Adventure, Sci-Fi",8.0,69.0,Joss Whedon,Robert Downey Jr.,Chris Evans,Scarlett Johansson,1260806,"623,279,547"
Persepolis,2007,96 min,"Animation, Biography, Drama",8.0,90.0,Vincent Paronnaud,Marjane Satrapi,Chiara Mastroianni,Catherine Deneuve,88656,"4,445,756"
Dallas Buyers Club,2013,117 min,"Biography, Drama",8.0,80.0,Jean-Marc Vallée,Matthew McConaughey,Jennifer Garner,Jared Leto,441614,"27,298,285"
The Pursuit of Happyness,2006,117 min,"Biography, Drama",8.0,64.0,Gabriele Muccino,Will Smith,Thandie Newton,Jaden Smith,448930,"163,566,459"
Blood Diamond,2006,143 min,"Adventure, Drama, Thriller",8.0,64.0,Edward Zwick,Leonardo DiCaprio,Djimon Hounsou,Jennifer Connelly,499439,"57,366,262"
The Bourne Ultimatum,2007,115 min,"Action, Mystery, Thriller",8.0,85.0,Paul Greengrass,Matt Damon,Edgar Ramírez,Joan Allen,604694,"227,471,070"
Bin-jip,2004,88 min,"Crime, Drama, Romance",8.0,72.0,Ki-duk Kim,Seung-Yun Lee,Hee Jae,Hyuk-ho Kwon,50610,"238,507"
Sin City,2005,124 min,"Crime, Thriller",8.0,74.0,Frank Miller,Quentin Tarantino,Robert Rodriguez,Mickey Rourke,738512,"74,103,820"
Le scaphandre et le papillon,2007,112 min,"Biography, Drama",8.0,92.0,Julian Schnabel,Laura Obiols,Mathieu Amalric,Emmanuelle Seigner,103284,"5,990,075"
Ratatouille,2007,111 min,"Animation, Adventure, Comedy",8.0,96.0,Brad Bird,Jan Pinkava,Brad Garrett,Lou Romano,641645,"206,445,654"
Casino Royale,2006,144 min,"Action, Adventure, Thriller",8.0,80.0,Martin Campbell,Daniel Craig,Eva Green,Judi Dench,582239,"167,445,960"
Kill Bill: Vol. 2,2004,137 min,"Action, Crime, Thriller",8.0,83.0,Quentin Tarantino,Uma Thurman,David Carradine,Michael Madsen,683900,"66,208,183"
Bom Yeoareum Gaeul Gyeoul Geurigo Bom,2003,103 min,"Drama, Romance",8.0,85.0,Ki-duk Kim,Ki-duk Kim,Yeong-su Oh,Jong-ho Kim,77520,"2,380,788"
Mar adentro,2014,126 min,"Biography, Drama",8.0,74.0,Alejandro Amenábar,Javier Bardem,Belén Rueda,Lola Dueñas,77554,"2,086,345"
Cinderella Man,2005,144 min,"Biography, Drama, History",8.0,69.0,Ron Howard,Russell Crowe,Renée Zellweger,Craig Bierko,176151,"61,649,911"
Kal Ho Naa Ho,2003,186 min,"Comedy, Drama, Musical",8.0,54.0,Nikkhil Advani,Preity Zinta,Shah Rukh Khan,Saif Ali Khan,63460,"1,787,378"
Mou gaan dou,2002,101 min,"Action, Crime, Drama",8.0,75.0,Andrew Lau,Alan Mak,Andy Lau,Tony Chiu-Wai Leung,117857,"169,659"
Pirates of the Caribbean: The Curse of the Black Pearl,2003,143 min,"Action, Adventure, Fantasy",8.0,63.0,Gore Verbinski,Johnny Depp,Geoffrey Rush,Orlando Bloom,1015122,"305,413,918"
Big Fish,2003,125 min,"Adventure, Drama, Fantasy",8.0,58.0,Tim Burton,Ewan McGregor,Albert Finney,Billy Crudup,415218,"66,257,002"
The Incredibles,2004,115 min,"Animation, Action, Adventure",8.0,90.0,Brad Bird,Craig T. Nelson,Samuel L. Jackson,Holly Hunter,657047,"261,441,092"
Dogville,2003,178 min,"Crime, Drama",8.0,60.0,Lars von Trier,Nicole Kidman,Paul Bettany,Lauren Bacall,137963,"1,530,386"
Donnie Darko,2001,113 min,"Drama, Mystery, Sci-Fi",8.0,88.0,Richard Kelly,Jake Gyllenhaal,Jena Malone,Mary McDonnell,740086,"1,480,006"
Magnolia,1999,188 min,Drama,8.0,77.0,Paul Thomas Anderson,Tom Cruise,Jason Robards,Julianne Moore,289742,"22,455,976"
Dancer in the Dark,2000,140 min,"Crime, Drama, Musical",8.0,61.0,Lars von Trier,Björk,Catherine Deneuve,David Morse,102285,"4,184,036"
The Straight Story,1999,112 min,"Biography, Drama",8.0,86.0,David Lynch,Richard Farnsworth,Sissy Spacek,Jane Galloway Heitz,82002,"6,203,044"
Festen,1998,105 min,Drama,8.0,82.0,Thomas Vinterberg,Ulrich Thomsen,Henning Moritzen,Thomas Bo Larsen,78341,"1,647,780"
Central do Brasil,1998,110 min,Drama,8.0,80.0,Walter Salles,Fernanda Montenegro,Vinícius de Oliveira,Marília Pêra,36419,"5,595,428"
The Iron Giant,1999,86 min,"Animation, Action, Adventure",8.0,85.0,Brad Bird,Eli Marienthal,Harry Connick Jr.,Jennifer Aniston,172083,"23,159,305"
Sling Blade,1996,135 min,Drama,8.0,84.0,Billy Bob Thornton,Billy Bob Thornton,Dwight Yoakam,J.T. Walsh,86838,"24,475,416"
Secrets & Lies,1996,136 min,"Comedy, Drama",8.0,91.0,Mike Leigh,Timothy Spall,Brenda Blethyn,Phyllis Logan,37564,"13,417,292"
Twelve Monkeys,1995,129 min,"Mystery, Sci-Fi, Thriller",8.0,74.0,Terry Gilliam,Bruce Willis,Madeleine Stowe,Brad Pitt,578443,"57,141,459"
Kôkaku Kidôtai,1995,83 min,"Animation, Action, Crime",8.0,76.0,Mamoru Oshii,Atsuko Tanaka,Iemasa Kayumi,Akio Ôtsuka,129231,"515,905"
The Nightmare Before Christmas,1993,76 min,"Animation, Family, Fantasy",8.0,82.0,Henry Selick,Danny Elfman,Chris Sarandon,Catherine O'Hara,300208,"75,082,668"
Groundhog Day,1993,101 min,"Comedy, Fantasy, Romance",8.0,72.0,Harold Ramis,Bill Murray,Andie MacDowell,Chris Elliott,577991,"70,906,973"
Bound by Honor,1993,180 min,"Crime, Drama",8.0,47.0,Taylor Hackford,Damian Chapa,Jesse Borrego,Benjamin Bratt,28825,"4,496,583"
Scent of a Woman,1992,156 min,Drama,8.0,59.0,Martin Brest,Al Pacino,Chris O'Donnell,James Rebhorn,263918,"63,895,607"
Aladdin,1992,90 min,"Animation, Adventure, Comedy",8.0,86.0,Ron Clements,John Musker,Scott Weinger,Robin Williams,373845,"217,350,219"
JFK,1991,189 min,"Drama, History, Thriller",8.0,72.0,Oliver Stone,Kevin Costner,Gary Oldman,Jack Lemmon,142110,"70,405,498"
Beauty and the Beast,1991,84 min,"Animation, Family, Fantasy",8.0,95.0,Gary Trousdale,Kirk Wise,Paige O'Hara,Robby Benson,417178,"218,967,620"
Dances with Wolves,1990,181 min,"Adventure, Drama, Western",8.0,72.0,Kevin Costner,Kevin Costner,Mary McDonnell,Graham Greene,240266,"184,208,848"
Do the Right Thing,1989,120 min,"Comedy, Drama",8.0,93.0,Spike Lee,Danny Aiello,Ossie Davis,Ruby Dee,89429,"27,545,445"
Rain Man,1988,133 min,Drama,8.0,65.0,Barry Levinson,Dustin Hoffman,Tom Cruise,Valeria Golino,473064,"178,800,000"
The Princess Bride,1987,98 min,"Adventure, Family, Fantasy",8.0,77.0,Rob Reiner,Cary Elwes,Mandy Patinkin,Robin Wright,393899,"30,857,814"
Der Himmel über Berlin,1987,128 min,"Drama, Fantasy, Romance",8.0,79.0,Wim Wenders,Bruno Ganz,Solveig Dommartin,Otto Sander,64722,"3,333,969"
Au revoir les enfants,1987,104 min,"Drama, War",8.0,88.0,Louis Malle,Gaspard Manesse,Raphael Fejtö,Francine Racette,31163,"4,542,825"
The Terminator,1984,107 min,"Action, Sci-Fi",8.0,84.0,James Cameron,Arnold Schwarzenegger,Linda Hamilton,Michael Biehn,799795,"38,400,000"
Gandhi,1982,191 min,"Biography, Drama, History",8.0,79.0,Richard Attenborough,Ben Kingsley,John Gielgud,Rohini Hattangadi,217664,"52,767,889"
Being There,1979,130 min,"Comedy, Drama",8.0,83.0,Hal Ashby,Peter Sellers,Shirley MacLaine,Melvyn Douglas,65625,"30,177,511"
Annie Hall,1977,93 min,"Comedy, Romance",8.0,92.0,Woody Allen,Woody Allen,Diane Keaton,Tony Roberts,251823,"39,200,000"
Jaws,1975,124 min,"Adventure, Thriller",8.0,87.0,Steven Spielberg,Roy Scheider,Robert Shaw,Richard Dreyfuss,543388,"260,000,000"
Dog Day Afternoon,1975,125 min,"Biography, Crime, Drama",8.0,86.0,Sidney Lumet,Al Pacino,John Cazale,Penelope Allen,235652,"50,000,000"
Young Frankenstein,1974,106 min,Comedy,8.0,80.0,Mel Brooks,Gene Wilder,Madeline Kahn,Marty Feldman,143359,"86,300,000"
Papillon,1973,151 min,"Biography, Crime, Drama",8.0,58.0,Franklin J. Schaffner,Steve McQueen,Dustin Hoffman,Victor Jory,121627,"53,267,000"
The Exorcist,1973,122 min,Horror,8.0,81.0,William Friedkin,Ellen Burstyn,Max von Sydow,Linda Blair,362393,"232,906,145"
The Last Picture Show,1971,118 min,"Drama, Romance",8.0,93.0,Peter Bogdanovich,Timothy Bottoms,Jeff Bridges,Cybill Shepherd,42456,"29,133,000"
Fiddler on the Roof,1971,181 min,"Drama, Family, Musical",8.0,67.0,Norman Jewison,Topol,Norma Crane,Leonard Frey,39491,"80,500,000"
Il conformista,1970,113 min,Drama,8.0,100.0,Bernardo Bertolucci,Jean-Louis Trintignant,Stefania Sandrelli,Gastone Moschin,27067,"541,940"
Butch Cassidy and the Sundance Kid,1969,110 min,"Biography, Crime, Drama",8.0,66.0,George Roy Hill,Paul Newman,Robert Redford,Katharine Ross,201888,"102,308,889"
Planet of the Apes,1968,112 min,"Adventure, Sci-Fi",8.0,79.0,Franklin J. Schaffner,Charlton Heston,Roddy McDowall,Kim Hunter,165167,"33,395,426"
The Graduate,1967,106 min,"Comedy, Drama, Romance",8.0,83.0,Mike Nichols,Dustin Hoffman,Anne Bancroft,Katharine Ross,253676,"104,945,305"
The Sound of Music,1965,172 min,"Biography, Drama, Family",8.0,63.0,Robert Wise,Julie Andrews,Christopher Plummer,Eleanor Parker,205425,"163,214,286"
Doctor Zhivago,1965,197 min,"Drama, Romance, War",8.0,69.0,David Lean,Omar Sharif,Julie Christie,Geraldine Chaplin,69903,"111,722,000"
Per un pugno di dollari,1964,99 min,"Action, Drama, Western",8.0,65.0,Sergio Leone,Clint Eastwood,Gian Maria Volontè,Marianne Koch,198219,"14,500,000"
The Hustler,1961,134 min,"Drama, Sport",8.0,90.0,Robert Rossen,Paul Newman,Jackie Gleason,Piper Laurie,75067,"8,284,000"
La dolce vita,1960,174 min,"Comedy, Drama",8.0,95.0,Federico Fellini,Marcello Mastroianni,Anita Ekberg,Anouk Aimée,66621,"19,516,000"
Rio Bravo,1959,141 min,"Action, Drama, Western",8.0,93.0,Howard Hawks,John Wayne,Dean Martin,Ricky Nelson,56305,"12,535,000"
Touch of Evil,1958,95 min,"Crime, Drama, Film-Noir",8.0,99.0,Orson Welles,Charlton Heston,Orson Welles,Janet Leigh,98431,"2,237,659"
Cat on a Hot Tin Roof,1958,108 min,Drama,8.0,84.0,Richard Brooks,Elizabeth Taylor,Paul Newman,Burl Ives,45062,"17,570,324"
A Streetcar Named Desire,1951,122 min,Drama,8.0,97.0,Elia Kazan,Vivien Leigh,Marlon Brando,Kim Hunter,99182,"8,000,000"
The Best Years of Our Lives,1946,170 min,"Drama, Romance, War",8.0,93.0,William Wyler,Myrna Loy,Dana Andrews,Fredric March,57259,"23,650,000"
The Grapes of Wrath,1940,129 min,"Drama, History",8.0,96.0,John Ford,Henry Fonda,Jane Darwell,John Carradine,85559,"55,000"
The Wizard of Oz,1939,102 min,"Adventure, Family, Fantasy",8.0,92.0,Victor Fleming,George Cukor,Mervyn LeRoy,Norman Taurog,371379,"2,076,020"
All Quiet on the Western Front,1930,152 min,"Drama, War",8.0,91.0,Lewis Milestone,Lew Ayres,Louis Wolheim,John Wray,57318,"3,270,000"
Knives Out,2019,130 min,"Comedy, Crime, Drama",7.9,82.0,Rian Johnson,Daniel Craig,Chris Evans,Ana de Armas,454203,"165,359,751"
Manbiki kazoku,2018,121 min,"Crime, Drama",7.9,93.0,Hirokazu Koreeda,Lily Franky,Sakura Andô,Kirin Kiki,62754,"3,313,513"
Marriage Story,2019,137 min,"Comedy, Drama, Romance",7.9,94.0,Noah Baumbach,Adam Driver,Scarlett Johansson,Julia Greer,246644,"2,000,000"
Call Me by Your Name,2017,132 min,"Drama, Romance",7.9,93.0,Luca Guadagnino,Armie Hammer,Timothée Chalamet,Michael Stuhlbarg,212651,"18,095,701"
"I, Daniel Blake",2016,100 min,Drama,7.9,78.0,Ken Loach,Laura Obiols,Dave Johns,Hayley Squires,53818,"258,168"
Isle of Dogs,2018,101 min,"Animation, Adventure, Comedy",7.9,82.0,Wes Anderson,Bryan Cranston,Koyu Rankin,Edward Norton,139114,"32,015,231"
Hunt for the Wilderpeople,2016,101 min,"Adventure, Comedy, Drama",7.9,81.0,Taika Waititi,Sam Neill,Julian Dennison,Rima Te Wiata,111483,"5,202,582"
Captain Fantastic,2016,118 min,"Comedy, Drama",7.9,72.0,Matt Ross,Viggo Mortensen,George MacKay,Samantha Isler,189400,"5,875,006"
Sing Street,2016,106 min,"Comedy, Drama, Music",7.9,79.0,John Carney,Ferdia Walsh-Peelo,Aidan Gillen,Maria Doyle Kennedy,85109,"3,237,118"
Thor: Ragnarok,2017,130 min,"Action, Adventure, Comedy",7.9,74.0,Taika Waititi,Chris Hemsworth,Tom Hiddleston,Cate Blanchett,587775,"315,058,289"
Nightcrawler,2014,117 min,"Crime, Drama, Thriller",7.9,76.0,Dan Gilroy,Jake Gyllenhaal,Rene Russo,Bill Paxton,466134,"32,381,218"
Jojo Rabbit,2019,108 min,"Comedy, Drama, War",7.9,58.0,Taika Waititi,Roman Griffin Davis,Thomasin McKenzie,Scarlett Johansson,297918,"349,555"
Arrival,2016,116 min,"Drama, Sci-Fi",7.9,81.0,Denis Villeneuve,Amy Adams,Jeremy Renner,Forest Whitaker,594181,"100,546,139"
Star Wars: Episode VII - The Force Awakens,2015,138 min,"Action, Adventure, Sci-Fi",7.9,80.0,J.J. Abrams,Daisy Ridley,John Boyega,Oscar Isaac,860823,"936,662,225"
Before Midnight,2013,109 min,"Drama, Romance",7.9,94.0,Richard Linklater,Ethan Hawke,Julie Delpy,Seamus Davey-Fitzpatrick,141457,"8,114,627"
X-Men: Days of Future Past,2014,132 min,"Action, Adventure, Sci-Fi",7.9,75.0,Bryan Singer,Patrick Stewart,Ian McKellen,Hugh Jackman,659763,"233,921,534"
The Artist,2011,100 min,"Comedy, Drama, Romance",7.9,89.0,Michel Hazanavicius,Jean Dujardin,Bérénice Bejo,John Goodman,230624,"44,671,682"
Edge of Tomorrow,2014,113 min,"Action, Adventure, Sci-Fi",7.9,71.0,Doug Liman,Tom Cruise,Emily Blunt,Bill Paxton,600004,"100,206,256"
Amour,2012,127 min,"Drama, Romance",7.9,94.0,Michael Haneke,Jean-Louis Trintignant,Emmanuelle Riva,Isabelle Huppert,93090,"6,739,492"
The Irishman,2019,209 min,"Biography, Crime, Drama",7.9,94.0,Martin Scorsese,Robert De Niro,Al Pacino,Joe Pesci,324720,"7,000,000"
Un prophète,2009,155 min,"Crime, Drama",7.9,90.0,Jacques Audiard,Tahar Rahim,Niels Arestrup,Adel Bencherif,93560,"2,084,637"
Moon,2009,97 min,"Drama, Mystery, Sci-Fi",7.9,67.0,Duncan Jones,Sam Rockwell,Kevin Spacey,Dominique McElligott,335152,"5,009,677"
Låt den rätte komma in,2008,114 min,"Crime, Drama, Fantasy",7.9,82.0,Tomas Alfredson,Kåre Hedebrant,Lina Leandersson,Per Ragnar,205609,"2,122,065"
District 9,2009,112 min,"Action, Sci-Fi, Thriller",7.9,81.0,Neill Blomkamp,Sharlto Copley,David James,Jason Cope,638202,"115,646,235"
The Wrestler,2008,109 min,"Drama, Sport",7.9,80.0,Darren Aronofsky,Mickey Rourke,Marisa Tomei,Evan Rachel Wood,289415,"26,236,603"
Boyhood,2014,165 min,Drama,7.9,100.0,Richard Linklater,Ellar Coltrane,Patricia Arquette,Ethan Hawke,335533,"25,379,975"
Star Trek,2009,127 min,"Action, Adventure, Sci-Fi",7.9,82.0,J.J. Abrams,Chris Pine,Zachary Quinto,Simon Pegg,577336,"257,730,019"
In Bruges,2008,107 min,"Comedy, Crime, Drama",7.9,67.0,Martin McDonagh,Colin Farrell,Brendan Gleeson,Ciarán Hinds,390334,"7,757,130"
Letters from Iwo Jima,2006,141 min,"Action, Adventure, Drama",7.9,89.0,Clint Eastwood,Ken Watanabe,Kazunari Ninomiya,Tsuyoshi Ihara,154011,"13,756,082"
The Fall,2006,117 min,"Adventure, Drama, Fantasy",7.9,64.0,Tarsem Singh,Lee Pace,Catinca Untaru,Justine Waddell,107290,"2,280,348"
Life of Pi,2012,127 min,"Adventure, Drama, Fantasy",7.9,79.0,Ang Lee,Suraj Sharma,Irrfan Khan,Adil Hussain,580708,"124,987,023"
Fantastic Mr. Fox,2009,87 min,"Animation, Adventure, Comedy",7.9,83.0,Wes Anderson,George Clooney,Meryl Streep,Bill Murray,199696,"21,002,919"
Les choristes,2004,97 min,"Drama, Music",7.9,56.0,Christophe Barratier,Gérard Jugnot,François Berléand,Jean-Baptiste Maunier,57430,"3,635,164"
Iron Man,2008,126 min,"Action, Adventure, Sci-Fi",7.9,79.0,Jon Favreau,Robert Downey Jr.,Gwyneth Paltrow,Terrence Howard,939644,"318,412,101"
Shaun of the Dead,2004,99 min,"Comedy, Horror",7.9,76.0,Edgar Wright,Simon Pegg,Nick Frost,Kate Ashfield,512249,"13,542,874"
Mystic River,2003,138 min,"Crime, Drama, Mystery",7.9,84.0,Clint Eastwood,Sean Penn,Tim Robbins,Kevin Bacon,419420,"90,135,191"
Harry Potter and the Prisoner of Azkaban,2004,142 min,"Adventure, Family, Fantasy",7.9,82.0,Alfonso Cuarón,Daniel Radcliffe,Emma Watson,Rupert Grint,552493,"249,358,727"
Ying xiong,2002,120 min,"Action, Adventure, History",7.9,85.0,Yimou Zhang,Jet Li,Tony Chiu-Wai Leung,Maggie Cheung,173999,"53,710,019"
Hable con ella,2002,112 min,"Drama, Mystery, Romance",7.9,86.0,Pedro Almodóvar,Rosario Flores,Javier Cámara,Darío Grandinetti,104691,"9,284,265"
No Man's Land,2001,98 min,"Comedy, Drama, War",7.9,84.0,Danis Tanovic,Branko Djuric,Rene Bitorajac,Filip Sovagovic,44618,"1,059,830"
Cowboy Bebop: Tengoku no tobira,2001,115 min,"Animation, Action, Crime",7.9,61.0,Shin'ichirô Watanabe,Tensai Okamura,Hiroyuki Okiura,Yoshiyuki Takei,42897,"1,000,045"
The Bourne Identity,2002,119 min,"Action, Mystery, Thriller",7.9,68.0,Doug Liman,Franka Potente,Matt Damon,Chris Cooper,508771,"121,661,683"
Nueve reinas,2000,114 min,"Crime, Drama, Thriller",7.9,80.0,Fabián Bielinsky,Ricardo Darín,Gastón Pauls,Graciela Tenenbaum,49721,"1,221,261"
Children of Men,2006,109 min,"Adventure, Drama, Sci-Fi",7.9,84.0,Alfonso Cuarón,Julianne Moore,Clive Owen,Chiwetel Ejiofor,465113,"35,552,383"
Almost Famous,2000,122 min,"Adventure, Comedy, Drama",7.9,90.0,Cameron Crowe,Billy Crudup,Patrick Fugit,Kate Hudson,252586,"32,534,850"
Mulholland Dr.,2001,147 min,"Drama, Mystery, Thriller",7.9,85.0,David Lynch,Naomi Watts,Laura Harring,Justin Theroux,322031,"7,220,243"
Toy Story 2,1999,92 min,"Animation, Adventure, Comedy",7.9,88.0,John Lasseter,Ash Brannon,Lee Unkrich,Tom Hanks,527512,"245,852,179"
Boogie Nights,1997,155 min,Drama,7.9,85.0,Paul Thomas Anderson,Mark Wahlberg,Julianne Moore,Burt Reynolds,239473,"26,400,640"
Once Were Warriors,1994,102 min,"Crime, Drama",7.9,77.0,Lee Tamahori,Rena Owen,Temuera Morrison,Mamaengaroa Kerr-Bell,31590,"2,201,126"
True Romance,1993,119 min,"Crime, Drama, Romance",7.9,59.0,Tony Scott,Christian Slater,Patricia Arquette,Dennis Hopper,206918,"12,281,500"
Trois couleurs: Bleu,1993,94 min,"Drama, Music, Mystery",7.9,85.0,Krzysztof Kieslowski,Juliette Binoche,Zbigniew Zamachowski,Julie Delpy,89836,"1,324,974"
Carlito's Way,1993,144 min,"Crime, Drama, Thriller",7.9,65.0,Brian De Palma,Al Pacino,Sean Penn,Penelope Ann Miller,201000,"36,948,322"
Edward Scissorhands,1990,105 min,"Drama, Fantasy, Romance",7.9,74.0,Tim Burton,Johnny Depp,Winona Ryder,Dianne Wiest,447368,"56,362,352"
My Left Foot: The Story of Christy Brown,1989,103 min,"Biography, Drama",7.9,97.0,Jim Sheridan,Daniel Day-Lewis,Brenda Fricker,Alison Whelan,68076,"14,743,391"
Crimes and Misdemeanors,1989,104 min,"Comedy, Drama",7.9,77.0,Woody Allen,Martin Landau,Woody Allen,Bill Bernstein,54670,"18,254,702"
The Untouchables,1987,119 min,"Crime, Drama, Thriller",7.9,79.0,Brian De Palma,Kevin Costner,Sean Connery,Robert De Niro,281842,"76,270,454"
Hannah and Her Sisters,1986,107 min,"Comedy, Drama",7.9,90.0,Woody Allen,Mia Farrow,Dianne Wiest,Michael Caine,67176,"40,084,041"
Brazil,1985,132 min,"Drama, Sci-Fi",7.9,84.0,Terry Gilliam,Jonathan Pryce,Kim Greist,Robert De Niro,187567,"9,929,135"
This Is Spinal Tap,1984,82 min,"Comedy, Music",7.9,92.0,Rob Reiner,Rob Reiner,Michael McKean,Christopher Guest,128812,"188,751"
A Christmas Story,1983,93 min,"Comedy, Family",7.9,77.0,Bob Clark,Peter Billingsley,Melinda Dillon,Darren McGavin,132947,"20,605,209"
The Blues Brothers,1980,133 min,"Action, Adventure, Comedy",7.9,60.0,John Landis,John Belushi,Dan Aykroyd,Cab Calloway,183182,"57,229,890"
Manhattan,1979,96 min,"Comedy, Drama, Romance",7.9,83.0,Woody Allen,Woody Allen,Diane Keaton,Mariel Hemingway,131436,"45,700,000"
All That Jazz,1979,123 min,"Drama, Music, Musical",7.9,72.0,Bob Fosse,Roy Scheider,Jessica Lange,Ann Reinking,28223,"37,823,676"
Dawn of the Dead,1978,127 min,"Action, Adventure, Horror",7.9,71.0,George A. Romero,David Emge,Ken Foree,Scott H. Reiniger,111512,"5,100,000"
All the President's Men,1976,138 min,"Biography, Drama, History",7.9,84.0,Alan J. Pakula,Dustin Hoffman,Robert Redford,Jack Warden,103031,"70,600,000"
La montaña sagrada,1973,114 min,"Adventure, Drama, Fantasy",7.9,76.0,Alejandro Jodorowsky,Alejandro Jodorowsky,Horacio Salinas,Zamira Saunders,37183,"61,001"
Le charme discret de la bourgeoisie,1972,102 min,Comedy,7.9,93.0,Luis Buñuel,Fernando Rey,Delphine Seyrig,Paul Frankeur,38737,"198,809"
Patton,1970,172 min,"Biography, Drama, War",7.9,91.0,Franklin J. Schaffner,George C. Scott,Karl Malden,Stephen Young,93741,"61,700,000"
The Wild Bunch,1969,145 min,"Action, Adventure, Western",7.9,97.0,Sam Peckinpah,William Holden,Ernest Borgnine,Robert Ryan,77401,"12,064,472"
In the Heat of the Night,1967,110 min,"Crime, Drama, Mystery",7.9,75.0,Norman Jewison,Sidney Poitier,Rod Steiger,Warren Oates,67804,"24,379,978"
Charade,1963,113 min,"Comedy, Mystery, Romance",7.9,83.0,Stanley Donen,Cary Grant,Audrey Hepburn,Walter Matthau,68689,"13,474,588"
Spartacus,1960,197 min,"Adventure, Biography, Drama",7.9,87.0,Stanley Kubrick,Kirk Douglas,Laurence Olivier,Jean Simmons,124339,"30,000,000"
High Noon,1952,85 min,"Drama, Thriller, Western",7.9,89.0,Fred Zinnemann,Gary Cooper,Grace Kelly,Thomas Mitchell,97222,"9,450,000"
Strangers on a Train,1951,101 min,"Crime, Film-Noir, Thriller",7.9,88.0,Alfred Hitchcock,Farley Granger,Robert Walker,Ruth Roman,123341,"7,630,000"
Notorious,1946,102 min,"Drama, Film-Noir, Romance",7.9,100.0,Alfred Hitchcock,Cary Grant,Ingrid Bergman,Claude Rains,92306,"10,464,000"
The Adventures of Robin Hood,1938,102 min,"Action, Adventure, Romance",7.9,97.0,Michael Curtiz,William Keighley,Errol Flynn,Olivia de Havilland,47175,"3,981,000"
King Kong,1933,100 min,"Adventure, Horror, Sci-Fi",7.9,90.0,Merian C. Cooper,Ernest B. Schoedsack,Fay Wray,Robert Armstrong,78991,"10,000,000"
Forushande,2016,124 min,Drama,7.8,85.0,Asghar Farhadi,Shahab Hosseini,Taraneh Alidoosti,Babak Karimi,51240,"2,402,067"
Dunkirk,2017,106 min,"Action, Drama, History",7.8,94.0,Christopher Nolan,Fionn Whitehead,Barry Keoghan,Mark Rylance,555092,"188,373,161"
Hidden Figures,2016,127 min,"Biography, Drama, History",7.8,74.0,Theodore Melfi,Taraji P. Henson,Octavia Spencer,Janelle Monáe,200876,"169,607,287"
Paddington 2,2017,103 min,"Adventure, Comedy, Family",7.8,88.0,Paul King,Ben Whishaw,Hugh Grant,Hugh Bonneville,61594,"40,442,052"
Kubo and the Two Strings,2016,101 min,"Animation, Action, Adventure",7.8,84.0,Travis Knight,Charlize Theron,Art Parkinson,Matthew McConaughey,118035,"48,023,088"
Manchester by the Sea,2016,137 min,Drama,7.8,96.0,Kenneth Lonergan,Casey Affleck,Michelle Williams,Kyle Chandler,246963,"47,695,120"
Under sandet,2015,100 min,"Drama, History, War",7.8,75.0,Martin Zandvliet,Roland Møller,Louis Hofmann,Joel Basman,35539,"435,266"
Rogue One,2016,133 min,"Action, Adventure, Sci-Fi",7.8,65.0,Gareth Edwards,Felicity Jones,Diego Luna,Alan Tudyk,556608,"532,177,324"
Captain America: Civil War,2016,147 min,"Action, Adventure, Sci-Fi",7.8,75.0,Anthony Russo,Joe Russo,Chris Evans,Robert Downey Jr.,663649,"408,084,349"
The Hateful Eight,2015,168 min,"Crime, Drama, Mystery",7.8,68.0,Quentin Tarantino,Samuel L. Jackson,Kurt Russell,Jennifer Jason Leigh,517059,"54,117,416"
Little Women,2019,135 min,"Drama, Romance",7.8,91.0,Greta Gerwig,Saoirse Ronan,Emma Watson,Florence Pugh,143250,"108,101,214"
Loving Vincent,2017,94 min,"Animation, Biography, Crime",7.8,62.0,Dorota Kobiela,Hugh Welchman,Douglas Booth,Jerome Flynn,50778,"6,735,118"
Le passé,2013,130 min,"Drama, Mystery",7.8,85.0,Asghar Farhadi,Bérénice Bejo,Tahar Rahim,Ali Mosaffa,45002,"1,330,596"
The Lunchbox,2013,104 min,"Drama, Romance",7.8,76.0,Ritesh Batra,Irrfan Khan,Nimrat Kaur,Nawazuddin Siddiqui,50523,"4,231,500"
Big Hero 6,2014,102 min,"Animation, Action, Adventure",7.8,74.0,Don Hall,Chris Williams,Ryan Potter,Scott Adsit,410983,"222,527,828"
About Time,2013,123 min,"Comedy, Drama, Fantasy",7.8,55.0,Richard Curtis,Domhnall Gleeson,Rachel McAdams,Bill Nighy,303032,"15,322,921"
Kaze tachinu,2013,126 min,"Animation, Biography, Drama",7.8,83.0,Hayao Miyazaki,Hideaki Anno,Hidetoshi Nishijima,Miori Takimoto,73690,"5,209,580"
Toy Story 4,2019,100 min,"Animation, Adventure, Comedy",7.8,84.0,Josh Cooley,Tom Hanks,Tim Allen,Annie Potts,203177,"434,038,008"
La migliore offerta,2013,131 min,"Crime, Drama, Mystery",7.8,49.0,Giuseppe Tornatore,Geoffrey Rush,Jim Sturgess,Sylvia Hoeks,108399,"85,433"
Moonrise Kingdom,2012,94 min,"Comedy, Drama, Romance",7.8,84.0,Wes Anderson,Jared Gilman,Kara Hayward,Bruce Willis,318789,"45,512,466"
How to Train Your Dragon 2,2014,102 min,"Animation, Action, Adventure",7.8,76.0,Dean DeBlois,Jay Baruchel,Cate Blanchett,Gerard Butler,305611,"177,002,924"
The Big Short,2015,130 min,"Biography, Comedy, Drama",7.8,81.0,Adam McKay,Christian Bale,Steve Carell,Ryan Gosling,362942,"70,259,870"
The Girl with the Dragon Tattoo,2011,158 min,"Crime, Drama, Mystery",7.8,71.0,David Fincher,Daniel Craig,Rooney Mara,Christopher Plummer,423010,"102,515,793"
Captain Phillips,2013,134 min,"Adventure, Biography, Crime",7.8,82.0,Paul Greengrass,Tom Hanks,Barkhad Abdi,Barkhad Abdirahman,421244,"107,100,855"
Straight Outta Compton,2015,147 min,"Biography, Drama, History",7.8,72.0,F. Gary Gray,O'Shea Jackson Jr.,Corey Hawkins,Jason Mitchell,179264,"161,197,785"
Madeo,2009,129 min,"Crime, Drama, Mystery",7.8,79.0,Bong Joon Ho,Hye-ja Kim,Won Bin,Jin Goo,52758,"547,292"
The Hobbit: The Desolation of Smaug,2013,161 min,"Adventure, Fantasy",7.8,66.0,Peter Jackson,Ian McKellen,Martin Freeman,Richard Armitage,601408,"258,366,855"
Das weiße Band - Eine deutsche Kindergeschichte,2009,144 min,"Drama, History, Mystery",7.8,82.0,Michael Haneke,Christian Friedel,Ernst Jacobi,Leonie Benesch,68715,"2,222,647"
Män som hatar kvinnor,2009,152 min,"Crime, Drama, Mystery",7.8,76.0,Niels Arden Oplev,Michael Nyqvist,Noomi Rapace,Ewa Fröling,208994,"10,095,170"
The Fighter,2010,116 min,"Biography, Drama, Sport",7.8,79.0,David O. Russell,Mark Wahlberg,Christian Bale,Amy Adams,340584,"93,617,009"
Taken,2008,90 min,"Action, Thriller",7.8,51.0,Pierre Morel,Liam Neeson,Maggie Grace,Famke Janssen,564791,"145,000,989"
The Boy in the Striped Pyjamas,2008,94 min,"Drama, History, War",7.8,55.0,Mark Herman,Asa Butterfield,David Thewlis,Rupert Friend,190748,"9,030,581"
Once,2007,86 min,"Drama, Music, Romance",7.8,88.0,John Carney,Glen Hansard,Markéta Irglová,Hugh Walsh,110656,"9,439,923"
The Hobbit: An Unexpected Journey,2012,169 min,"Adventure, Fantasy",7.8,58.0,Peter Jackson,Martin Freeman,Ian McKellen,Richard Armitage,757377,"303,003,568"
Atonement,2007,123 min,"Drama, Mystery, Romance",7.8,85.0,Joe Wright,Keira Knightley,James McAvoy,Brenda Blethyn,251370,"50,927,067"
Drive,2011,100 min,"Crime, Drama",7.8,78.0,Nicolas Winding Refn,Ryan Gosling,Carey Mulligan,Bryan Cranston,571571,"35,061,555"
American Gangster,2007,157 min,"Biography, Crime, Drama",7.8,76.0,Ridley Scott,Denzel Washington,Russell Crowe,Chiwetel Ejiofor,392449,"130,164,645"
Avatar,2009,162 min,"Action, Adventure, Fantasy",7.8,83.0,James Cameron,Sam Worthington,Zoe Saldana,Sigourney Weaver,1118998,"760,507,625"
Mr. Nobody,2009,141 min,"Drama, Fantasy, Romance",7.8,63.0,Jaco Van Dormael,Jared Leto,Sarah Polley,Diane Kruger,216421,"3,600"
Apocalypto,2006,139 min,"Action, Adventure, Drama",7.8,68.0,Mel Gibson,Gerardo Taracena,Raoul Max Trujillo,Dalia Hernández,291018,"50,866,635"
Little Miss Sunshine,2006,101 min,"Comedy, Drama",7.8,80.0,Jonathan Dayton,Valerie Faris,Steve Carell,Toni Collette,439856,"59,891,098"
Hot Fuzz,2007,121 min,"Action, Comedy, Mystery",7.8,81.0,Edgar Wright,Simon Pegg,Nick Frost,Martin Freeman,463466,"23,637,265"
The Curious Case of Benjamin Button,2008,166 min,"Drama, Fantasy, Romance",7.8,70.0,David Fincher,Brad Pitt,Cate Blanchett,Tilda Swinton,589160,"127,509,326"
Veer-Zaara,2004,192 min,"Drama, Family, Musical",7.8,67.0,Yash Chopra,Shah Rukh Khan,Preity Zinta,Rani Mukerji,49050,"2,921,738"
Adams æbler,2005,94 min,"Comedy, Crime, Drama",7.8,51.0,Anders Thomas Jensen,Ulrich Thomsen,Mads Mikkelsen,Nicolas Bro,45717,"1,305"
Pride & Prejudice,2005,129 min,"Drama, Romance",7.8,82.0,Joe Wright,Keira Knightley,Matthew Macfadyen,Brenda Blethyn,258924,"38,405,088"
The World's Fastest Indian,2005,127 min,"Biography, Drama, Sport",7.8,68.0,Roger Donaldson,Anthony Hopkins,Diane Ladd,Iain Rea,51980,"5,128,124"
Tôkyô goddofâzâzu,2003,90 min,"Animation, Adventure, Comedy",7.8,73.0,Satoshi Kon,Shôgo Furuya,Tôru Emori,Yoshiaki Umegaki,31658,"128,985"
Serenity,2005,119 min,"Action, Adventure, Sci-Fi",7.8,74.0,Joss Whedon,Nathan Fillion,Gina Torres,Chiwetel Ejiofor,283310,"25,514,517"
Walk the Line,2005,136 min,"Biography, Drama, Music",7.8,72.0,James Mangold,Joaquin Phoenix,Reese Witherspoon,Ginnifer Goodwin,234207,"119,519,402"
The Notebook,2004,123 min,"Drama, Romance",7.8,53.0,Nick Cassavetes,Gena Rowlands,James Garner,Rachel McAdams,520284,"81,001,787"
Diarios de motocicleta,2004,126 min,"Adventure, Biography, Drama",7.8,75.0,Walter Salles,Gael García Bernal,Rodrigo De la Serna,Mía Maestro,96703,"16,756,372"
Lilja 4-ever,2002,109 min,"Crime, Drama",7.8,82.0,Lukas Moodysson,Oksana Akinshina,Artyom Bogucharskiy,Pavel Ponomaryov,42673,"181,655"
Les triplettes de Belleville,2003,80 min,"Animation, Comedy, Drama",7.8,91.0,Sylvain Chomet,Michèle Caucheteux,Jean-Claude Donda,Michel Robin,50622,"7,002,255"
The Count of Monte Cristo,2002,131 min,"Action, Adventure, Drama",7.8,61.0,Kevin Reynolds,Jim Caviezel,Guy Pearce,Christopher Adamson,129022,"54,234,062"
Waking Life,2001,99 min,"Animation, Drama, Fantasy",7.8,83.0,Richard Linklater,Ethan Hawke,Trevor Jack Brooks,Lorelei Linklater,60684,"2,892,011"
Remember the Titans,2000,113 min,"Biography, Drama, Sport",7.8,48.0,Boaz Yakin,Denzel Washington,Will Patton,Wood Harris,198089,"115,654,751"
Wo hu cang long,2000,120 min,"Action, Adventure, Fantasy",7.8,94.0,Ang Lee,Yun-Fat Chow,Michelle Yeoh,Ziyi Zhang,253228,"128,078,872"
Todo sobre mi madre,1999,101 min,Drama,7.8,87.0,Pedro Almodóvar,Cecilia Roth,Marisa Paredes,Candela Peña,89058,"8,264,530"
Cast Away,2000,143 min,"Adventure, Drama, Romance",7.8,73.0,Robert Zemeckis,Tom Hanks,Helen Hunt,Paul Sanchez,524235,"233,632,142"
The Boondock Saints,1999,108 min,"Action, Crime, Thriller",7.8,44.0,Troy Duffy,Willem Dafoe,Sean Patrick Flanery,Norman Reedus,227143,"25,812"
The Insider,1999,157 min,"Biography, Drama, Thriller",7.8,84.0,Michael Mann,Russell Crowe,Al Pacino,Christopher Plummer,159886,"28,965,197"
October Sky,1999,108 min,"Biography, Drama, Family",7.8,71.0,Joe Johnston,Jake Gyllenhaal,Chris Cooper,Laura Dern,82855,"32,481,825"
Shrek,2001,90 min,"Animation, Adventure, Comedy",7.8,84.0,Andrew Adamson,Vicky Jenson,Mike Myers,Eddie Murphy,613941,"267,665,011"
Titanic,1997,194 min,"Drama, Romance",7.8,75.0,James Cameron,Leonardo DiCaprio,Kate Winslet,Billy Zane,1046089,"659,325,379"
Gattaca,1997,106 min,"Drama, Sci-Fi, Thriller",7.8,64.0,Andrew Niccol,Ethan Hawke,Uma Thurman,Jude Law,280845,"12,339,633"
The Game,1997,129 min,"Action, Drama, Mystery",7.8,61.0,David Fincher,Michael Douglas,Deborah Kara Unger,Sean Penn,345096,"48,323,648"
Breaking the Waves,1996,159 min,Drama,7.8,76.0,Lars von Trier,Emily Watson,Stellan Skarsgård,Katrin Cartlidge,62428,"4,040,691"
Ed Wood,1994,127 min,"Biography, Comedy, Drama",7.8,70.0,Tim Burton,Johnny Depp,Martin Landau,Sarah Jessica Parker,164937,"5,887,457"
What's Eating Gilbert Grape,1993,118 min,Drama,7.8,73.0,Lasse Hallström,Johnny Depp,Leonardo DiCaprio,Juliette Lewis,215034,"9,170,214"
Tombstone,1993,130 min,"Action, Biography, Drama",7.8,50.0,George P. Cosmatos,Kevin Jarre,Kurt Russell,Val Kilmer,126871,"56,505,065"
The Sandlot,1993,101 min,"Comedy, Drama, Family",7.8,55.0,David Mickey Evans,Tom Guiry,Mike Vitar,Art LaFleur,78963,"32,416,586"
The Remains of the Day,1993,134 min,"Drama, Romance",7.8,84.0,James Ivory,Anthony Hopkins,Emma Thompson,John Haycraft,66065,"22,954,968"
The Fugitive,1993,130 min,"Action, Crime, Drama",7.8,87.0,Andrew Davis,Harrison Ford,Tommy Lee Jones,Sela Ward,267684,"183,875,760"
A Bronx Tale,1993,121 min,"Crime, Drama, Romance",7.8,80.0,Robert De Niro,Robert De Niro,Chazz Palminteri,Lillo Brancato,128171,"17,266,971"
Night on Earth,1991,129 min,"Comedy, Drama",7.8,68.0,Jim Jarmusch,Winona Ryder,Gena Rowlands,Lisanne Falk,55362,"2,015,810"
La double vie de Véronique,1991,98 min,"Drama, Fantasy, Music",7.8,86.0,Krzysztof Kieslowski,Irène Jacob,Wladyslaw Kowalski,Halina Gryglaszewska,42376,"1,999,955"
Boyz n the Hood,1991,112 min,"Crime, Drama",7.8,76.0,John Singleton,Cuba Gooding Jr.,Laurence Fishburne,Hudhail Al-Amir,126082,"57,504,069"
Misery,1990,107 min,"Drama, Thriller",7.8,75.0,Rob Reiner,James Caan,Kathy Bates,Richard Farnsworth,184740,"61,276,872"
Awakenings,1990,121 min,"Biography, Drama",7.8,74.0,Penny Marshall,Robert De Niro,Robin Williams,Julie Kavner,125276,"52,096,475"
Glory,1989,122 min,"Biography, Drama, History",7.8,78.0,Edward Zwick,Matthew Broderick,Denzel Washington,Cary Elwes,122779,"26,830,000"
Back to the Future Part II,1989,108 min,"Adventure, Comedy, Sci-Fi",7.8,57.0,Robert Zemeckis,Michael J. Fox,Christopher Lloyd,Lea Thompson,481918,"118,500,000"
Mississippi Burning,1988,128 min,"Crime, Drama, History",7.8,65.0,Alan Parker,Gene Hackman,Willem Dafoe,Frances McDormand,88214,"34,603,943"
Predator,1987,107 min,"Action, Adventure, Sci-Fi",7.8,45.0,John McTiernan,Arnold Schwarzenegger,Carl Weathers,Kevin Peter Hall,371387,"59,735,548"
Evil Dead II,1987,84 min,"Action, Comedy, Fantasy",7.8,72.0,Sam Raimi,Bruce Campbell,Sarah Berry,Dan Hicks,148359,"5,923,044"
Ferris Bueller's Day Off,1986,103 min,Comedy,7.8,61.0,John Hughes,Matthew Broderick,Alan Ruck,Mia Sara,321382,"70,136,369"
Down by Law,1986,107 min,"Comedy, Crime, Drama",7.8,75.0,Jim Jarmusch,Tom Waits,John Lurie,Roberto Benigni,47834,"1,436,000"
The Goonies,1985,114 min,"Adventure, Comedy, Family",7.8,62.0,Richard Donner,Sean Astin,Josh Brolin,Jeff Cohen,244430,"61,503,218"
The Color Purple,1985,154 min,Drama,7.8,78.0,Steven Spielberg,Danny Glover,Whoopi Goldberg,Oprah Winfrey,78321,"98,467,863"
The Breakfast Club,1985,97 min,"Comedy, Drama",7.8,66.0,John Hughes,Emilio Estevez,Judd Nelson,Molly Ringwald,357026,"45,875,171"
The Killing Fields,1984,141 min,"Biography, Drama, History",7.8,76.0,Roland Joffé,Sam Waterston,Haing S. Ngor,John Malkovich,51585,"34,700,291"
Ghostbusters,1984,105 min,"Action, Comedy, Fantasy",7.8,71.0,Ivan Reitman,Bill Murray,Dan Aykroyd,Sigourney Weaver,355413,"238,632,124"
The Right Stuff,1983,193 min,"Adventure, Biography, Drama",7.8,91.0,Philip Kaufman,Sam Shepard,Scott Glenn,Ed Harris,56235,"21,500,000"
The King of Comedy,1982,109 min,"Comedy, Crime, Drama",7.8,73.0,Martin Scorsese,Robert De Niro,Jerry Lewis,Diahnne Abbott,88511,"2,500,000"
E.T. the Extra-Terrestrial,1982,115 min,"Family, Sci-Fi",7.8,91.0,Steven Spielberg,Henry Thomas,Drew Barrymore,Peter Coyote,372490,"435,110,554"
Kramer vs. Kramer,1979,105 min,Drama,7.8,77.0,Robert Benton,Dustin Hoffman,Meryl Streep,Jane Alexander,133351,"106,260,000"
The Outlaw Josey Wales,1976,135 min,Western,7.8,69.0,Clint Eastwood,Clint Eastwood,Sondra Locke,Chief Dan George,65659,"31,800,000"
The Conversation,1974,113 min,"Drama, Mystery, Thriller",7.8,85.0,Francis Ford Coppola,Gene Hackman,John Cazale,Allen Garfield,98611,"4,420,000"
La planète sauvage,1973,72 min,"Animation, Sci-Fi",7.8,73.0,René Laloux,Barry Bostwick,Jennifer Drake,Eric Baugin,25229,"193,817"
The Day of the Jackal,1973,143 min,"Crime, Drama, Thriller",7.8,80.0,Fred Zinnemann,Edward Fox,Terence Alexander,Michel Auclair,37445,"16,056,255"
Cabaret,1972,124 min,"Drama, Music, Musical",7.8,80.0,Bob Fosse,Liza Minnelli,Michael York,Helmut Griem,48334,"42,765,000"
Willy Wonka & the Chocolate Factory,1971,100 min,"Family, Fantasy, Musical",7.8,67.0,Mel Stuart,Gene Wilder,Jack Albertson,Peter Ostrum,178731,"4,000,000"
Midnight Cowboy,1969,113 min,Drama,7.8,79.0,John Schlesinger,Dustin Hoffman,Jon Voight,Sylvia Miles,101124,"44,785,053"
My Fair Lady,1964,170 min,"Drama, Family, Musical",7.8,95.0,George Cukor,Audrey Hepburn,Rex Harrison,Stanley Holloway,86525,"72,000,000"
Mary Poppins,1964,139 min,"Comedy, Family, Fantasy",7.8,88.0,Robert Stevenson,Julie Andrews,Dick Van Dyke,David Tomlinson,158029,"102,272,727"
The Longest Day,1962,178 min,"Action, Drama, History",7.8,75.0,Ken Annakin,Andrew Marton,Gerd Oswald,Bernhard Wicki,52141,"39,100,000"
The Innocents,1961,100 min,Horror,7.8,88.0,Jack Clayton,Deborah Kerr,Peter Wyngarde,Megs Jenkins,27007,"2,616,000"
Deadpool 2,2018,119 min,"Action, Adventure, Comedy",7.7,66.0,David Leitch,Ryan Reynolds,Josh Brolin,Morena Baccarin,478586,"324,591,735"
Wind River,2017,107 min,"Crime, Drama, Mystery",7.7,73.0,Taylor Sheridan,Kelsey Asbille,Jeremy Renner,Julia Jones,205444,"33,800,859"
Get Out,2017,104 min,"Horror, Mystery, Thriller",7.7,85.0,Jordan Peele,Daniel Kaluuya,Allison Williams,Bradley Whitford,492851,"176,040,665"
Mission: Impossible - Fallout,2018,147 min,"Action, Adventure, Thriller",7.7,86.0,Christopher McQuarrie,Tom Cruise,Henry Cavill,Ving Rhames,291257,"220,159,104"
En man som heter Ove,2015,116 min,"Comedy, Drama, Romance",7.7,70.0,Hannes Holm,Rolf Lassgård,Bahar Pars,Filip Berg,47444,"3,358,518"
What We Do in the Shadows,2014,86 min,"Comedy, Horror",7.7,76.0,Jemaine Clement,Taika Waititi,Jemaine Clement,Taika Waititi,157498,"3,333,000"
Omoide no Mânî,2014,103 min,"Animation, Drama, Family",7.7,72.0,James Simone,Hiromasa Yonebayashi,Sara Takatsuki,Kasumi Arimura,32798,"765,127"
The Theory of Everything,2014,123 min,"Biography, Drama, Romance",7.7,72.0,James Marsh,Eddie Redmayne,Felicity Jones,Tom Prior,404182,"35,893,537"
Kingsman: The Secret Service,2014,129 min,"Action, Adventure, Comedy",7.7,60.0,Matthew Vaughn,Colin Firth,Taron Egerton,Samuel L. Jackson,590440,"128,261,724"
The Fault in Our Stars,2014,126 min,"Drama, Romance",7.7,69.0,Josh Boone,Shailene Woodley,Ansel Elgort,Nat Wolff,344312,"124,872,350"
Me and Earl and the Dying Girl,2015,105 min,"Comedy, Drama",7.7,74.0,Alfonso Gomez-Rejon,Thomas Mann,RJ Cyler,Olivia Cooke,123210,"6,743,776"
Birdman or (The Unexpected Virtue of Ignorance),2014,119 min,"Comedy, Drama",7.7,87.0,Alejandro G. Iñárritu,Michael Keaton,Zach Galifianakis,Edward Norton,580291,"42,340,598"
La vie d'Adèle,2013,180 min,"Drama, Romance",7.7,89.0,Abdellatif Kechiche,Léa Seydoux,Adèle Exarchopoulos,Salim Kechiouche,138741,"2,199,675"
Kai po che!,2013,130 min,"Drama, Sport",7.7,40.0,Abhishek Kapoor,Amit Sadh,Sushant Singh Rajput,Rajkummar Rao,32628,"1,122,527"
Captain America: The Winter Soldier,2014,136 min,"Action, Adventure, Sci-Fi",7.7,70.0,Anthony Russo,Joe Russo,Chris Evans,Samuel L. Jackson,736182,"259,766,572"
Nebraska,2013,115 min,"Adventure, Comedy, Drama",7.7,87.0,Alexander Payne,Bruce Dern,Will Forte,June Squibb,112298,"17,654,912"
Wreck-It Ralph,2012,101 min,"Animation, Adventure, Comedy",7.7,72.0,Rich Moore,John C. Reilly,Jack McBrayer,Jane Lynch,380195,"189,422,889"
Le Petit Prince,2015,108 min,"Animation, Adventure, Drama",7.7,70.0,Mark Osborne,Jeff Bridges,Mackenzie Foy,Rachel McAdams,56720,"1,339,152"
Midnight in Paris,2011,96 min,"Comedy, Fantasy, Romance",7.7,81.0,Woody Allen,Owen Wilson,Rachel McAdams,Kathy Bates,388089,"56,816,662"
The Lego Movie,2014,100 min,"Animation, Action, Adventure",7.7,83.0,Christopher Miller,Phil Lord,Chris Pratt,Will Ferrell,323982,"257,760,692"
Gravity,2013,91 min,"Drama, Sci-Fi, Thriller",7.7,96.0,Alfonso Cuarón,Sandra Bullock,George Clooney,Ed Harris,769145,"274,092,705"
Star Trek Into Darkness,2013,132 min,"Action, Adventure, Sci-Fi",7.7,72.0,J.J. Abrams,Chris Pine,Zachary Quinto,Zoe Saldana,463188,"228,778,661"
The Social Network,2010,120 min,"Biography, Drama",7.7,95.0,David Fincher,Jesse Eisenberg,Andrew Garfield,Justin Timberlake,624982,"96,962,694"
X: First Class,2011,131 min,"Action, Adventure, Sci-Fi",7.7,65.0,Matthew Vaughn,James McAvoy,Michael Fassbender,Jennifer Lawrence,645512,"146,408,305"
The Hangover,2009,100 min,Comedy,7.7,73.0,Todd Phillips,Zach Galifianakis,Bradley Cooper,Justin Bartha,717559,"277,322,503"
Skyfall,2012,143 min,"Action, Adventure, Thriller",7.7,81.0,Sam Mendes,Daniel Craig,Javier Bardem,Naomie Harris,630614,"304,360,277"
Silver Linings Playbook,2012,122 min,"Comedy, Drama, Romance",7.7,81.0,David O. Russell,Bradley Cooper,Jennifer Lawrence,Robert De Niro,661871,"132,092,958"
Argo,2012,120 min,"Biography, Drama, Thriller",7.7,86.0,Ben Affleck,Ben Affleck,Bryan Cranston,John Goodman,572581,"136,025,503"
(500) Days of Summer,2009,95 min,"Comedy, Drama, Romance",7.7,76.0,Marc Webb,Zooey Deschanel,Joseph Gordon-Levitt,Geoffrey Arend,472242,"32,391,374"
Harry Potter and the Deathly Hallows: Part 1,2010,146 min,"Adventure, Family, Fantasy",7.7,65.0,David Yates,Daniel Radcliffe,Emma Watson,Rupert Grint,479120,"295,983,305"
Gake no ue no Ponyo,2008,101 min,"Animation, Adventure, Comedy",7.7,86.0,Hayao Miyazaki,Cate Blanchett,Matt Damon,Liam Neeson,125317,"15,090,400"
Frost/Nixon,2008,122 min,"Biography, Drama, History",7.7,80.0,Ron Howard,Frank Langella,Michael Sheen,Kevin Bacon,103330,"18,593,156"
Papurika,2006,90 min,"Animation, Drama, Fantasy",7.7,81.0,Satoshi Kon,Megumi Hayashibara,Tôru Emori,Katsunosuke Hori,71379,"881,302"
Changeling,2008,141 min,"Biography, Crime, Drama",7.7,63.0,Clint Eastwood,Angelina Jolie,Colm Feore,Amy Ryan,239203,"35,739,802"
Flipped,2010,90 min,"Comedy, Drama, Romance",7.7,45.0,Rob Reiner,Madeline Carroll,Callan McAuliffe,Rebecca De Mornay,81446,"1,752,214"
Ex Machina,2014,108 min,"Drama, Sci-Fi, Thriller",7.7,78.0,Alex Garland,Alicia Vikander,Domhnall Gleeson,Oscar Isaac,474141,"25,442,958"
Efter brylluppet,2006,120 min,Drama,7.7,78.0,Susanne Bier,Mads Mikkelsen,Sidse Babett Knudsen,Rolf Lassgård,32001,"412,544"
The Last King of Scotland,2006,123 min,"Biography, Drama, History",7.7,74.0,Kevin Macdonald,James McAvoy,Forest Whitaker,Gillian Anderson,175355,"17,605,861"
Zodiac,2007,157 min,"Crime, Drama, Mystery",7.7,78.0,David Fincher,Jake Gyllenhaal,Robert Downey Jr.,Mark Ruffalo,466080,"33,080,084"
Lucky Number Slevin,2006,110 min,"Action, Crime, Drama",7.7,53.0,Paul McGuigan,Josh Hartnett,Ben Kingsley,Morgan Freeman,299524,"22,494,487"
Joyeux Noël,2005,116 min,"Drama, History, Music",7.7,70.0,Christian Carion,Diane Kruger,Benno Fürmann,Guillaume Canet,28003,"1,054,361"
Control,2007,122 min,"Biography, Drama, Music",7.7,78.0,Anton Corbijn,Sam Riley,Samantha Morton,Craig Parkinson,61609,"871,577"
Tangled,2010,100 min,"Animation, Adventure, Comedy",7.7,71.0,Nathan Greno,Byron Howard,Mandy Moore,Zachary Levi,405922,"200,821,936"
Zwartboek,2006,145 min,"Drama, Thriller, War",7.7,71.0,Paul Verhoeven,Carice van Houten,Sebastian Koch,Thom Hoffman,72643,"4,398,392"
Brokeback Mountain,2005,134 min,"Drama, Romance",7.7,87.0,Ang Lee,Jake Gyllenhaal,Heath Ledger,Michelle Williams,323103,"83,043,761"
3:10 to Yuma,2007,122 min,"Action, Crime, Drama",7.7,76.0,James Mangold,Russell Crowe,Christian Bale,Ben Foster,288797,"53,606,916"
Crash,2004,112 min,"Crime, Drama, Thriller",7.7,66.0,Paul Haggis,Don Cheadle,Sandra Bullock,Thandie Newton,419483,"54,580,300"
Kung fu,2004,99 min,"Action, Comedy, Fantasy",7.7,78.0,Stephen Chow,Stephen Chow,Wah Yuen,Qiu Yuen,127250,"17,108,591"
The Bourne Supremacy,2004,108 min,"Action, Mystery, Thriller",7.7,73.0,Paul Greengrass,Matt Damon,Franka Potente,Joan Allen,434841,"176,241,941"
The Machinist,2004,101 min,"Drama, Thriller",7.7,61.0,Brad Anderson,Christian Bale,Jennifer Jason Leigh,Aitana Sánchez-Gijón,358432,"1,082,715"
Ray,2004,152 min,"Biography, Drama, Music",7.7,73.0,Taylor Hackford,Jamie Foxx,Regina King,Kerry Washington,138356,"75,331,600"
Lost in Translation,2003,102 min,"Comedy, Drama",7.7,89.0,Sofia Coppola,Bill Murray,Scarlett Johansson,Giovanni Ribisi,415074,"44,585,453"
Harry Potter and the Goblet of Fire,2005,157 min,"Adventure, Family, Fantasy",7.7,81.0,Mike Newell,Daniel Radcliffe,Emma Watson,Rupert Grint,548619,"290,013,036"
Man on Fire,2004,146 min,"Action, Crime, Drama",7.7,47.0,Tony Scott,Denzel Washington,Christopher Walken,Dakota Fanning,329592,"77,911,774"
Coraline,2009,100 min,"Animation, Drama, Family",7.7,80.0,Henry Selick,Dakota Fanning,Teri Hatcher,John Hodgman,197761,"75,286,229"
The Last Samurai,2003,154 min,"Action, Drama",7.7,55.0,Edward Zwick,Tom Cruise,Ken Watanabe,Billy Connolly,400049,"111,110,575"
The Magdalene Sisters,2002,114 min,Drama,7.7,83.0,Peter Mullan,Eileen Walsh,Dorothy Duffy,Nora-Jane Noone,25938,"4,890,878"
Good Bye Lenin!,2003,121 min,"Comedy, Drama, Romance",7.7,68.0,Wolfgang Becker,Daniel Brühl,Katrin Saß,Chulpan Khamatova,137981,"4,064,200"
In America,2002,105 min,Drama,7.7,76.0,Jim Sheridan,Paddy Considine,Samantha Morton,Djimon Hounsou,40403,"15,539,266"
I Am Sam,2001,132 min,Drama,7.7,28.0,Jessie Nelson,Sean Penn,Michelle Pfeiffer,Dakota Fanning,142863,"40,311,852"
Adaptation.,2002,115 min,"Comedy, Drama",7.7,83.0,Spike Jonze,Nicolas Cage,Meryl Streep,Chris Cooper,178565,"22,245,861"
Black Hawk Down,2001,144 min,"Drama, History, War",7.7,74.0,Ridley Scott,Josh Hartnett,Ewan McGregor,Tom Sizemore,364254,"108,638,745"
Road to Perdition,2002,117 min,"Crime, Drama, Thriller",7.7,72.0,Sam Mendes,Tom Hanks,Tyler Hoechlin,Rob Maxey,246840,"104,454,762"
Das Experiment,2001,120 min,"Drama, Thriller",7.7,60.0,Oliver Hirschbiegel,Moritz Bleibtreu,Christian Berkel,Oliver Stokowski,90842,"141,072"
Billy Elliot,2000,110 min,"Drama, Music",7.7,74.0,Stephen Daldry,Jamie Bell,Julie Walters,Jean Heywood,126770,"21,995,263"
Hedwig and the Angry Inch,2001,95 min,"Comedy, Drama, Music",7.7,85.0,John Cameron Mitchell,John Cameron Mitchell,Miriam Shor,Stephen Trask,31957,"3,029,081"
Ocean's Eleven,2001,116 min,"Crime, Thriller",7.7,74.0,Steven Soderbergh,George Clooney,Brad Pitt,Julia Roberts,516372,"183,417,150"
Vampire Hunter D: Bloodlust,2000,103 min,"Animation, Action, Fantasy",7.7,62.0,Yoshiaki Kawajiri,Andrew Philpot,John Rafter Lee,Pamela Adlon,29210,"151,086"
"O Brother, Where Art Thou?",2000,107 min,"Adventure, Comedy, Crime",7.7,69.0,Joel Coen,Ethan Coen,George Clooney,John Turturro,286742,"45,512,588"
"South Park: Bigger, Longer & Uncut",1999,81 min,"Animation, Comedy, Fantasy",7.7,73.0,Trey Parker,Trey Parker,Matt Stone,Mary Kay Bergman,192112,"52,037,603"
Office Space,1999,89 min,Comedy,7.7,68.0,Mike Judge,Ron Livingston,Jennifer Aniston,David Herman,241575,"10,824,921"
Training Day,2001,122 min,"Crime, Drama, Thriller",7.7,69.0,Antoine Fuqua,Denzel Washington,Ethan Hawke,Scott Glenn,390247,"76,631,907"
Rushmore,1998,93 min,"Comedy, Drama, Romance",7.7,86.0,Wes Anderson,Jason Schwartzman,Bill Murray,Olivia Williams,169229,"17,105,219"
Being John Malkovich,1999,113 min,"Comedy, Drama, Fantasy",7.7,90.0,Spike Jonze,John Cusack,Cameron Diaz,Catherine Keener,312542,"22,858,926"
As Good as It Gets,1997,139 min,"Comedy, Drama, Romance",7.7,67.0,James L. Brooks,Jack Nicholson,Helen Hunt,Greg Kinnear,275755,"148,478,011"
The Fifth Element,1997,126 min,"Action, Adventure, Sci-Fi",7.7,52.0,Luc Besson,Bruce Willis,Milla Jovovich,Gary Oldman,434125,"63,540,020"
Le dîner de cons,1998,80 min,Comedy,7.7,73.0,Francis Veber,Thierry Lhermitte,Jacques Villeret,Francis Huster,37424,"4,065,116"
Donnie Brasco,1997,127 min,"Biography, Crime, Drama",7.7,76.0,Mike Newell,Al Pacino,Johnny Depp,Michael Madsen,279318,"41,909,762"
Shine,1996,105 min,"Biography, Drama, Music",7.7,87.0,Scott Hicks,Geoffrey Rush,Armin Mueller-Stahl,Justin Braine,51350,"35,811,509"
Primal Fear,1996,129 min,"Crime, Drama, Mystery",7.7,47.0,Gregory Hoblit,Richard Gere,Laura Linney,Edward Norton,189716,"56,116,183"
A Little Princess,1995,97 min,"Drama, Family, Fantasy",7.7,83.0,Alfonso Cuarón,Liesel Matthews,Eleanor Bron,Liam Cunningham,32236,"10,019,307"
Il postino,1994,108 min,"Biography, Comedy, Drama",7.7,81.0,Michael Radford,Massimo Troisi,Massimo Troisi,Philippe Noiret,33600,"21,848,932"
Clerks,1994,92 min,Comedy,7.7,70.0,Kevin Smith,Brian O'Halloran,Jeff Anderson,Marilyn Ghigliotti,211450,"3,151,130"
Short Cuts,1993,188 min,"Comedy, Drama",7.7,79.0,Robert Altman,Andie MacDowell,Julianne Moore,Tim Robbins,42275,"6,110,979"
Philadelphia,1993,125 min,Drama,7.7,66.0,Jonathan Demme,Tom Hanks,Denzel Washington,Roberta Maxwell,224169,"77,324,422"
The Muppet Christmas Carol,1992,85 min,"Comedy, Drama, Family",7.7,64.0,Brian Henson,Michael Caine,Kermit the Frog,Dave Goelz,50298,"27,281,507"
Malcolm X,1992,202 min,"Biography, Drama, History",7.7,73.0,Spike Lee,Denzel Washington,Angela Bassett,Delroy Lindo,85819,"48,169,908"
The Last of the Mohicans,1992,112 min,"Action, Adventure, Drama",7.7,76.0,Michael Mann,Daniel Day-Lewis,Madeleine Stowe,Russell Means,150409,"75,505,856"
Glengarry Glen Ross,1992,100 min,"Crime, Drama, Mystery",7.7,82.0,James Foley,Al Pacino,Jack Lemmon,Alec Baldwin,95826,"10,725,228"
A Few Good Men,1992,138 min,"Drama, Thriller",7.7,62.0,Rob Reiner,Tom Cruise,Jack Nicholson,Demi Moore,235388,"141,340,178"
Fried Green Tomatoes,1991,130 min,Drama,7.7,64.0,Jon Avnet,Kathy Bates,Jessica Tandy,Mary Stuart Masterson,66941,"82,418,501"
Barton Fink,1991,116 min,"Comedy, Drama, Thriller",7.7,69.0,Joel Coen,Ethan Coen,John Turturro,John Goodman,113240,"6,153,939"
Miller's Crossing,1990,115 min,"Crime, Drama, Thriller",7.7,66.0,Joel Coen,Ethan Coen,Gabriel Byrne,Albert Finney,125822,"5,080,409"
Who Framed Roger Rabbit,1988,104 min,"Animation, Adventure, Comedy",7.7,83.0,Robert Zemeckis,Bob Hoskins,Christopher Lloyd,Joanna Cassidy,182009,"156,452,370"
Withnail & I,1987,107 min,"Comedy, Drama",7.7,84.0,Bruce Robinson,Richard E. Grant,Paul McGann,Richard Griffiths,40396,"1,544,889"
The Last Emperor,1987,163 min,"Biography, Drama, History",7.7,76.0,Bernardo Bertolucci,John Lone,Joan Chen,Peter O'Toole,94326,"43,984,230"
Empire of the Sun,1987,153 min,"Action, Drama, History",7.7,62.0,Steven Spielberg,Christian Bale,John Malkovich,Miranda Richardson,115677,"22,238,696"
Der Name der Rose,1986,130 min,"Crime, Drama, Mystery",7.7,54.0,Jean-Jacques Annaud,Sean Connery,Christian Slater,Helmut Qualtinger,102031,"7,153,487"
Blue Velvet,1986,120 min,"Drama, Mystery, Thriller",7.7,76.0,David Lynch,Isabella Rossellini,Kyle MacLachlan,Dennis Hopper,181285,"8,551,228"
The Purple Rose of Cairo,1985,82 min,"Comedy, Fantasy, Romance",7.7,75.0,Woody Allen,Mia Farrow,Jeff Daniels,Danny Aiello,47102,"10,631,333"
After Hours,1985,97 min,"Comedy, Crime, Drama",7.7,90.0,Martin Scorsese,Griffin Dunne,Rosanna Arquette,Verna Bloom,59635,"10,600,000"
The Verdict,1982,129 min,Drama,7.7,77.0,Sidney Lumet,Paul Newman,Charlotte Rampling,Jack Warden,36096,"54,000,000"
Star Trek II: The Wrath of Khan,1982,113 min,"Action, Adventure, Sci-Fi",7.7,67.0,Nicholas Meyer,William Shatner,Leonard Nimoy,DeForest Kelley,112704,"78,912,963"
First Blood,1982,93 min,"Action, Adventure",7.7,61.0,Ted Kotcheff,Sylvester Stallone,Brian Dennehy,Richard Crenna,226541,"47,212,904"
Ordinary People,1980,124 min,Drama,7.7,86.0,Robert Redford,Donald Sutherland,Mary Tyler Moore,Judd Hirsch,47099,"54,800,000"
Airplane!,1980,88 min,Comedy,7.7,78.0,Jim Abrahams,David Zucker,Jerry Zucker,Robert Hays,214882,"83,400,000"
Halloween,1978,91 min,"Horror, Thriller",7.7,87.0,John Carpenter,Donald Pleasence,Jamie Lee Curtis,Tony Moran,233106,"47,000,000"
Le locataire,1976,126 min,"Drama, Thriller",7.7,71.0,Roman Polanski,Roman Polanski,Isabelle Adjani,Melvyn Douglas,39889,"1,924,733"
Blazing Saddles,1974,93 min,"Comedy, Western",7.7,73.0,Mel Brooks,Cleavon Little,Gene Wilder,Slim Pickens,125993,"119,500,000"
Serpico,1973,130 min,"Biography, Crime, Drama",7.7,87.0,Sidney Lumet,Al Pacino,John Randolph,Jack Kehoe,109941,"29,800,000"
Enter the Dragon,1973,102 min,"Action, Crime, Drama",7.7,83.0,Robert Clouse,Bruce Lee,John Saxon,Jim Kelly,96561,"25,000,000"
Deliverance,1972,109 min,"Adventure, Drama, Thriller",7.7,80.0,John Boorman,Jon Voight,Burt Reynolds,Ned Beatty,98740,"7,056,013"
The French Connection,1971,104 min,"Action, Crime, Drama",7.7,94.0,William Friedkin,Gene Hackman,Roy Scheider,Fernando Rey,110075,"15,630,710"
Dirty Harry,1971,102 min,"Action, Crime, Thriller",7.7,90.0,Don Siegel,Clint Eastwood,Andrew Robinson,Harry Guardino,143292,"35,900,000"
The Odd Couple,1968,105 min,Comedy,7.7,86.0,Gene Saks,Jack Lemmon,Walter Matthau,John Fiedler,31572,"44,527,234"
A Man for All Seasons,1966,120 min,"Biography, Drama, History",7.7,72.0,Fred Zinnemann,Paul Scofield,Wendy Hiller,Robert Shaw,31222,"28,350,000"
Goldfinger,1964,110 min,"Action, Adventure, Thriller",7.7,87.0,Guy Hamilton,Sean Connery,Gert Fröbe,Honor Blackman,174119,"51,081,062"
The Birds,1963,119 min,"Drama, Horror, Mystery",7.7,90.0,Alfred Hitchcock,Rod Taylor,Tippi Hedren,Jessica Tandy,171739,"11,403,529"
The Magnificent Seven,1960,128 min,"Action, Adventure, Western",7.7,74.0,John Sturges,Yul Brynner,Steve McQueen,Charles Bronson,87719,"4,905,000"
The African Queen,1951,105 min,"Adventure, Drama, Romance",7.7,91.0,John Huston,Humphrey Bogart,Katharine Hepburn,Robert Morley,71481,"536,118"
Fantasia,1940,125 min,"Animation, Family, Fantasy",7.7,96.0,James Algar,Samuel Armstrong,Ford Beebe Jr.,Norman Ferguson,88662,"76,408,097"
Searching,2018,102 min,"Drama, Mystery, Thriller",7.6,71.0,Aneesh Chaganty,John Cho,Debra Messing,Joseph Lee,140840,"26,020,957"
Once Upon a Time... in Hollywood,2019,161 min,"Comedy, Drama",7.6,83.0,Quentin Tarantino,Leonardo DiCaprio,Brad Pitt,Margot Robbie,551309,"142,502,728"
Nelyubov,2017,127 min,Drama,7.6,86.0,Andrey Zvyagintsev,Maryana Spivak,Aleksey Rozin,Matvey Novikov,29765,"566,356"
The Florida Project,2017,111 min,Drama,7.6,92.0,Sean Baker,Brooklynn Prince,Bria Vinaite,Willem Dafoe,95181,"5,904,366"
Gifted,2017,101 min,Drama,7.6,60.0,Marc Webb,Chris Evans,Mckenna Grace,Lindsay Duncan,99643,"24,801,212"
The Peanut Butter Falcon,2019,97 min,"Adventure, Comedy, Drama",7.6,70.0,Tyler Nilson,Michael Schwartz,Zack Gottsagen,Ann Owens,66346,"13,122,642"
Mustang,2015,97 min,Drama,7.6,83.0,Deniz Gamze Ergüven,Günes Sensoy,Doga Zeynep Doguslu,Tugba Sunguroglu,35785,"845,464"
Guardians of the Galaxy Vol. 2,2017,136 min,"Action, Adventure, Comedy",7.6,67.0,James Gunn,Chris Pratt,Zoe Saldana,Dave Bautista,569974,"389,813,101"
Baby Driver,2017,113 min,"Action, Crime, Drama",7.6,86.0,Edgar Wright,Ansel Elgort,Jon Bernthal,Jon Hamm,439406,"107,825,862"
Only the Brave,2017,134 min,"Action, Biography, Drama",7.6,72.0,Joseph Kosinski,Josh Brolin,Miles Teller,Jeff Bridges,58371,"18,340,051"
Bridge of Spies,2015,142 min,"Drama, History, Thriller",7.6,81.0,Steven Spielberg,Tom Hanks,Mark Rylance,Alan Alda,287659,"72,313,754"
Incredibles 2,2018,118 min,"Animation, Action, Adventure",7.6,80.0,Brad Bird,Craig T. Nelson,Holly Hunter,Sarah Vowell,250057,"608,581,744"
Moana,2016,107 min,"Animation, Adventure, Comedy",7.6,81.0,Ron Clements,John Musker,Don Hall,Chris Williams,272784,"248,757,044"
Sicario,2015,121 min,"Action, Crime, Drama",7.6,82.0,Denis Villeneuve,Emily Blunt,Josh Brolin,Benicio Del Toro,371291,"46,889,293"
Creed,2015,133 min,"Drama, Sport",7.6,82.0,Ryan Coogler,Michael B. Jordan,Sylvester Stallone,Tessa Thompson,247666,"109,767,581"
Leviafan,2014,140 min,"Crime, Drama",7.6,92.0,Andrey Zvyagintsev,Aleksey Serebryakov,Elena Lyadova,Roman Madyanov,49397,"1,092,800"
Hell or High Water,2016,102 min,"Action, Crime, Drama",7.6,88.0,David Mackenzie,Chris Pine,Ben Foster,Jeff Bridges,204175,"26,862,450"
Philomena,2013,98 min,"Biography, Comedy, Drama",7.6,77.0,Stephen Frears,Judi Dench,Steve Coogan,Sophie Kennedy Clark,94212,"37,707,719"
Dawn of the Planet of the Apes,2014,130 min,"Action, Adventure, Drama",7.6,79.0,Matt Reeves,Gary Oldman,Keri Russell,Andy Serkis,411599,"208,545,589"
Serbuan maut,2011,101 min,"Action, Thriller",7.6,73.0,Gareth Evans,Iko Uwais,Ananda George,Ray Sahetapy,190531,"4,105,123"
End of Watch,2012,109 min,"Action, Crime, Drama",7.6,68.0,David Ayer,Jake Gyllenhaal,Michael Peña,Anna Kendrick,228132,"41,003,371"
Kari-gurashi no Arietti,2010,94 min,"Animation, Adventure, Family",7.6,80.0,Hiromasa Yonebayashi,Amy Poehler,Mirai Shida,Ryûnosuke Kamiki,80939,"19,202,743"
A Star Is Born,2018,136 min,"Drama, Music, Romance",7.6,88.0,Bradley Cooper,Lady Gaga,Bradley Cooper,Sam Elliott,334312,"215,288,866"
True Grit,2010,110 min,"Drama, Western",7.6,80.0,Ethan Coen,Joel Coen,Jeff Bridges,Matt Damon,311822,"171,243,005"
Hævnen,2010,118 min,"Drama, Romance",7.6,65.0,Susanne Bier,Mikael Persbrandt,Trine Dyrholm,Markus Rygaard,38491,"1,008,098"
Despicable Me,2010,95 min,"Animation, Comedy, Crime",7.6,72.0,Pierre Coffin,Chris Renaud,Steve Carell,Jason Segel,500851,"251,513,985"
50/50,2011,100 min,"Comedy, Drama, Romance",7.6,72.0,Jonathan Levine,Joseph Gordon-Levitt,Seth Rogen,Anna Kendrick,315426,"35,014,192"
Kick-Ass,2010,117 min,"Action, Comedy, Crime",7.6,66.0,Matthew Vaughn,Aaron Taylor-Johnson,Nicolas Cage,Chloë Grace Moretz,524081,"48,071,303"
Moneyball,2011,133 min,"Biography, Drama, Sport",7.6,87.0,Bennett Miller,Brad Pitt,Robin Wright,Jonah Hill,369529,"75,605,492"
La piel que habito,2011,120 min,"Drama, Horror, Thriller",7.6,70.0,Pedro Almodóvar,Antonio Banderas,Elena Anaya,Jan Cornet,138959,"3,185,812"
Zombieland,2009,88 min,"Adventure, Comedy, Fantasy",7.6,73.0,Ruben Fleischer,Jesse Eisenberg,Emma Stone,Woody Harrelson,520041,"75,590,286"
Sherlock Holmes,2009,128 min,"Action, Adventure, Mystery",7.6,57.0,Guy Ritchie,Robert Downey Jr.,Jude Law,Rachel McAdams,583158,"209,028,679"
The Blind Side,2009,129 min,"Biography, Drama, Sport",7.6,53.0,John Lee Hancock,Quinton Aaron,Sandra Bullock,Tim McGraw,293266,"255,959,475"
The Visitor,2007,104 min,Drama,7.6,79.0,Tom McCarthy,Richard Jenkins,Haaz Sleiman,Danai Gurira,41544,"9,422,422"
Seven Pounds,2008,123 min,Drama,7.6,36.0,Gabriele Muccino,Will Smith,Rosario Dawson,Woody Harrelson,286770,"69,951,824"
Eastern Promises,2007,100 min,"Action, Crime, Drama",7.6,82.0,David Cronenberg,Naomi Watts,Viggo Mortensen,Armin Mueller-Stahl,227760,"17,114,882"
Stardust,2007,127 min,"Adventure, Family, Fantasy",7.6,66.0,Matthew Vaughn,Charlie Cox,Claire Danes,Sienna Miller,255036,"38,634,938"
Inside Man,2006,129 min,"Crime, Drama, Mystery",7.6,76.0,Spike Lee,Denzel Washington,Clive Owen,Jodie Foster,339757,"88,513,495"
Gone Baby Gone,2007,114 min,"Crime, Drama, Mystery",7.6,72.0,Ben Affleck,Morgan Freeman,Ed Harris,Casey Affleck,250590,"20,300,218"
La Vie En Rose,2007,140 min,"Biography, Drama, Music",7.6,66.0,Olivier Dahan,Marion Cotillard,Sylvie Testud,Pascal Greggory,82781,"10,301,706"
Huo Yuan Jia,2006,104 min,"Action, Biography, Drama",7.6,70.0,Ronny Yu,Jet Li,Li Sun,Yong Dong,72863,"24,633,730"
The Illusionist,2006,110 min,"Drama, Fantasy, Mystery",7.6,68.0,Neil Burger,Edward Norton,Jessica Biel,Paul Giamatti,354728,"39,868,642"
Harry Potter and the Half-Blood Prince,2009,153 min,"Action, Adventure, Family",7.6,78.0,David Yates,Daniel Radcliffe,Emma Watson,Rupert Grint,474827,"301,959,197"
300,2006,117 min,"Action, Drama",7.6,52.0,Zack Snyder,Gerard Butler,Lena Headey,David Wenham,732876,"210,614,939"
Match Point,2005,124 min,"Drama, Romance, Thriller",7.6,72.0,Woody Allen,Scarlett Johansson,Jonathan Rhys Meyers,Emily Mortimer,206294,"23,089,926"
Watchmen,2009,162 min,"Action, Drama, Mystery",7.6,56.0,Zack Snyder,Jackie Earle Haley,Patrick Wilson,Carla Gugino,500799,"107,509,799"
Lord of War,2005,122 min,"Action, Crime, Drama",7.6,62.0,Andrew Niccol,Nicolas Cage,Ethan Hawke,Jared Leto,294140,"24,149,632"
Saw,2004,103 min,"Horror, Mystery, Thriller",7.6,46.0,James Wan,Cary Elwes,Leigh Whannell,Danny Glover,379020,"56,000,369"
"Synecdoche, New York",2008,124 min,Drama,7.6,67.0,Charlie Kaufman,Philip Seymour Hoffman,Samantha Morton,Michelle Williams,83158,"3,081,925"
Mysterious Skin,2004,105 min,Drama,7.6,73.0,Gregg Araki,Brady Corbet,Joseph Gordon-Levitt,Elisabeth Shue,65939,"697,181"
Jeux d'enfants,2003,93 min,"Comedy, Drama, Romance",7.6,45.0,Yann Samuell,Guillaume Canet,Marion Cotillard,Thibault Verhaeghe,67360,"548,707"
Un long dimanche de fiançailles,2004,133 min,"Drama, Mystery, Romance",7.6,76.0,Jean-Pierre Jeunet,Audrey Tautou,Gaspard Ulliel,Jodie Foster,70925,"6,167,817"
The Station Agent,2003,89 min,"Comedy, Drama",7.6,81.0,Tom McCarthy,Peter Dinklage,Patricia Clarkson,Bobby Cannavale,67370,"5,739,376"
21 Grams,2003,124 min,"Crime, Drama, Thriller",7.6,70.0,Alejandro G. Iñárritu,Sean Penn,Benicio Del Toro,Naomi Watts,224545,"16,290,476"
Boksuneun naui geot,2002,129 min,"Crime, Drama, Thriller",7.6,56.0,Chan-wook Park,Kang-ho Song,Shin Ha-kyun,Bae Doona,62659,"45,289"
Finding Neverland,2004,106 min,"Biography, Drama, Family",7.6,67.0,Marc Forster,Johnny Depp,Kate Winslet,Julie Christie,198677,"51,680,613"
25th Hour,2002,135 min,Drama,7.6,68.0,Spike Lee,Edward Norton,Barry Pepper,Philip Seymour Hoffman,169708,"13,060,843"
The Butterfly Effect,2004,113 min,"Drama, Sci-Fi, Thriller",7.6,30.0,Eric Bress,J. Mackye Gruber,Ashton Kutcher,Amy Smart,451479,"57,938,693"
28 Days Later...,2002,113 min,"Drama, Horror, Sci-Fi",7.6,73.0,Danny Boyle,Cillian Murphy,Naomie Harris,Christopher Eccleston,376853,"45,064,915"
The Royal Tenenbaums,2001,110 min,"Comedy, Drama",7.6,76.0,Wes Anderson,Gene Hackman,Gwyneth Paltrow,Anjelica Huston,266842,"52,364,010"
Y tu mamá también,2001,106 min,Drama,7.6,88.0,Alfonso Cuarón,Maribel Verdú,Gael García Bernal,Daniel Giménez Cacho,115827,"13,622,333"
Harry Potter and the Sorcerer's Stone,2001,152 min,"Adventure, Family, Fantasy",7.6,64.0,Chris Columbus,Daniel Radcliffe,Rupert Grint,Richard Harris,658185,"317,575,550"
The Others,2001,101 min,"Horror, Mystery, Thriller",7.6,74.0,Alejandro Amenábar,Nicole Kidman,Christopher Eccleston,Fionnula Flanagan,337651,"96,522,687"
Blow,2001,124 min,"Biography, Crime, Drama",7.6,52.0,Ted Demme,Johnny Depp,Penélope Cruz,Franka Potente,240714,"52,990,775"
Enemy at the Gates,2001,131 min,"Drama, History, War",7.6,53.0,Jean-Jacques Annaud,Jude Law,Ed Harris,Joseph Fiennes,243729,"51,401,758"
Minority Report,2002,145 min,"Action, Crime, Mystery",7.6,80.0,Steven Spielberg,Tom Cruise,Colin Farrell,Samantha Morton,508417,"132,072,926"
The Hurricane,1999,146 min,"Biography, Drama, Sport",7.6,74.0,Norman Jewison,Denzel Washington,Vicellous Shannon,Deborah Kara Unger,91557,"50,668,906"
American Psycho,2000,101 min,"Comedy, Crime, Drama",7.6,64.0,Mary Harron,Christian Bale,Justin Theroux,Josh Lucas,490062,"15,070,285"
Lola rennt,1998,81 min,"Crime, Drama, Thriller",7.6,77.0,Tom Tykwer,Franka Potente,Moritz Bleibtreu,Herbert Knaup,188317,"7,267,585"
The Thin Red Line,1998,170 min,"Drama, War",7.6,78.0,Terrence Malick,Jim Caviezel,Sean Penn,Nick Nolte,172710,"36,400,491"
Mulan,1998,88 min,"Animation, Adventure, Family",7.6,71.0,Tony Bancroft,Barry Cook,Ming-Na Wen,Eddie Murphy,256906,"120,620,254"
Fear and Loathing in Las Vegas,1998,118 min,"Adventure, Comedy, Drama",7.6,41.0,Terry Gilliam,Johnny Depp,Benicio Del Toro,Tobey Maguire,259753,"10,680,275"
Dark City,1998,100 min,"Mystery, Sci-Fi, Thriller",7.6,66.0,Alex Proyas,Rufus Sewell,Kiefer Sutherland,Jennifer Connelly,187927,"14,378,331"
Sleepers,1996,147 min,"Crime, Drama, Thriller",7.6,49.0,Barry Levinson,Robert De Niro,Kevin Bacon,Brad Pitt,186734,"49,100,000"
Lost Highway,1997,134 min,"Mystery, Thriller",7.6,52.0,David Lynch,Bill Pullman,Patricia Arquette,John Roselius,131101,"3,796,699"
Sense and Sensibility,1995,136 min,"Drama, Romance",7.6,84.0,Ang Lee,Emma Thompson,Kate Winslet,James Fleet,102598,"43,182,776"
Die Hard: With a Vengeance,1995,128 min,"Action, Adventure, Thriller",7.6,58.0,John McTiernan,Bruce Willis,Jeremy Irons,Samuel L. Jackson,364420,"100,012,499"
Dead Man,1995,121 min,"Adventure, Drama, Fantasy",7.6,62.0,Jim Jarmusch,Johnny Depp,Gary Farmer,Crispin Glover,90442,"1,037,847"
The Bridges of Madison County,1995,135 min,"Drama, Romance",7.6,69.0,Clint Eastwood,Clint Eastwood,Meryl Streep,Annie Corley,73172,"71,516,617"
Apollo 13,PG,140 min,"Adventure, Drama, History",7.6,77.0,Ron Howard,Tom Hanks,Bill Paxton,Kevin Bacon,269197,"173,837,933"
Trois couleurs: Blanc,1994,92 min,"Comedy, Drama, Romance",7.6,88.0,Krzysztof Kieslowski,Zbigniew Zamachowski,Julie Delpy,Janusz Gajos,64390,"1,464,625"
Falling Down,1993,113 min,"Action, Crime, Drama",7.6,56.0,Joel Schumacher,Michael Douglas,Robert Duvall,Barbara Hershey,171640,"40,903,593"
Dazed and Confused,1993,102 min,Comedy,7.6,78.0,Richard Linklater,Jason London,Wiley Wiggins,Matthew McConaughey,165465,"7,993,039"
My Cousin Vinny,1992,120 min,"Comedy, Crime",7.6,68.0,Jonathan Lynn,Joe Pesci,Marisa Tomei,Ralph Macchio,107325,"52,929,168"
Omohide poro poro,1991,118 min,"Animation, Drama, Romance",7.6,90.0,Isao Takahata,Miki Imai,Toshirô Yanagiba,Yoko Honna,27071,"453,243"
Delicatessen,1991,99 min,"Comedy, Crime",7.6,66.0,Marc Caro,Jean-Pierre Jeunet,Marie-Laure Dougnac,Dominique Pinon,80487,"1,794,187"
Home Alone,1990,103 min,"Comedy, Family",7.6,63.0,Chris Columbus,Macaulay Culkin,Joe Pesci,Daniel Stern,488817,"285,761,243"
The Godfather: Part III,1990,162 min,"Crime, Drama",7.6,60.0,Francis Ford Coppola,Al Pacino,Diane Keaton,Andy Garcia,359809,"66,666,062"
When Harry Met Sally...,1989,95 min,"Comedy, Drama, Romance",7.6,76.0,Rob Reiner,Billy Crystal,Meg Ryan,Carrie Fisher,195663,"92,823,600"
The Little Mermaid,1989,83 min,"Animation, Family, Fantasy",7.6,88.0,Ron Clements,John Musker,Jodi Benson,Samuel E. Wright,237696,"111,543,479"
The Naked Gun: From the Files of Police Squad!,1988,85 min,"Comedy, Crime",7.6,76.0,David Zucker,Leslie Nielsen,Priscilla Presley,O.J. Simpson,152871,"78,756,177"
"Planes, Trains & Automobiles",1987,93 min,"Comedy, Drama",7.6,72.0,John Hughes,Steve Martin,John Candy,Laila Robins,124773,"49,530,280"
Lethal Weapon,1987,109 min,"Action, Crime, Thriller",7.6,68.0,Richard Donner,Mel Gibson,Danny Glover,Gary Busey,236894,"65,207,127"
Blood Simple,1984,99 min,"Crime, Drama, Thriller",7.6,82.0,Joel Coen,Ethan Coen,John Getz,Frances McDormand,87745,"2,150,000"
On Golden Pond,1981,109 min,Drama,7.6,68.0,Mark Rydell,Katharine Hepburn,Henry Fonda,Jane Fonda,27650,"119,285,432"
Mad Max 2,1981,96 min,"Action, Adventure, Sci-Fi",7.6,77.0,George Miller,Mel Gibson,Bruce Spence,Michael Preston,166588,"12,465,371"
The Warriors,1979,92 min,"Action, Crime, Thriller",7.6,65.0,Walter Hill,Michael Beck,James Remar,Dorsey Wright,93878,"22,490,039"
The Muppet Movie,1979,95 min,"Adventure, Comedy, Family",7.6,74.0,James Frawley,Jim Henson,Frank Oz,Jerry Nelson,32802,"76,657,000"
Escape from Alcatraz,1979,112 min,"Action, Biography, Crime",7.6,76.0,Don Siegel,Clint Eastwood,Patrick McGoohan,Roberts Blossom,121731,"43,000,000"
Midnight Express,1978,121 min,"Biography, Crime, Drama",7.6,59.0,Alan Parker,Brad Davis,Irene Miracle,Bo Hopkins,73662,"35,000,000"
Close Encounters of the Third Kind,1977,138 min,"Drama, Sci-Fi",7.6,90.0,Steven Spielberg,Richard Dreyfuss,François Truffaut,Teri Garr,184966,"132,088,635"
The Long Goodbye,1973,112 min,"Comedy, Crime, Drama",7.6,87.0,Robert Altman,Elliott Gould,Nina van Pallandt,Sterling Hayden,26337,"959,000"
Giù la testa,1971,157 min,"Drama, War, Western",7.6,77.0,Sergio Leone,Rod Steiger,James Coburn,Romolo Valli,30144,"696,690"
Kelly's Heroes,1970,144 min,"Adventure, Comedy, War",7.6,50.0,Brian G. Hutton,Clint Eastwood,Telly Savalas,Don Rickles,45338,"1,378,435"
The Jungle Book,1967,78 min,"Animation, Adventure, Family",7.6,65.0,Wolfgang Reitherman,Phil Harris,Sebastian Cabot,Louis Prima,166409,"141,843,612"
A Hard Day's Night,1964,87 min,"Comedy, Music, Musical",7.6,96.0,Richard Lester,John Lennon,Paul McCartney,George Harrison,40351,"13,780,024"
From Here to Eternity,1953,118 min,"Drama, Romance, War",7.6,85.0,Fred Zinnemann,Burt Lancaster,Montgomery Clift,Deborah Kerr,43374,"30,500,000"
